,Simulator Time,Packet Ident,Packet Create,Packet Time to Creation,Packet Transmission Delay,Packet Propagation Delay,Packet Queueing Delay
0,1.008,2,0.0,1.008,0.008,1.0,0.0
1,1.016,3,0.0079577787878,1.00804222121,0.008,1.0,4.22212122e-05
2,1.03146414962,4,0.0234641496209,1.008,0.008,1.0,0.0
3,1.03946414962,5,0.0296513946026,1.00981275502,0.008,1.0,0.00181275501837
4,1.04746414962,6,0.031061364058,1.01640278556,0.008,1.0,0.00840278556298
5,1.05546414962,7,0.0347190980182,1.0207450516,0.008,1.0,0.0127450516028
6,1.06603907362,8,0.0580390736221,1.008,0.008,1.0,0.0
7,1.07987549162,9,0.0718754916211,1.008,0.008,1.0,0.0
8,1.08787549162,10,0.0785620272496,1.00931346437,0.008,1.0,0.00131346437149
9,1.10896995425,11,0.100969954248,1.008,0.008,1.0,0.0
10,1.11696995425,12,0.10866263535,1.0083073189,0.008,1.0,0.000307318898227
11,1.13931715096,13,0.131317150957,1.008,0.008,1.0,0.0
12,1.21908083844,14,0.211080838441,1.008,0.008,1.0,0.0
13,1.23173185621,15,0.223731856212,1.008,0.008,1.0,0.0
14,1.23973185621,16,0.225398611958,1.01433324425,0.008,1.0,0.00633324425351
15,1.24773185621,17,0.236217825525,1.01151403069,0.008,1.0,0.00351403068639
16,1.25573185621,18,0.236613250861,1.01911860535,0.008,1.0,0.0111186053513
17,1.28298652892,19,0.274986528916,1.008,0.008,1.0,0.0
18,1.29098652892,20,0.276124307364,1.01486222155,0.008,1.0,0.00686222155192
19,1.29898652892,21,0.290616637358,1.00836989156,0.008,1.0,0.000369891558323
20,1.33498698487,22,0.326986984866,1.008,0.008,1.0,0.0
21,1.34572689673,23,0.33772689673,1.008,0.008,1.0,0.0
22,1.35637186226,24,0.348371862258,1.008,0.008,1.0,0.0
23,1.36437186226,25,0.356252177077,1.00811968518,0.008,1.0,0.000119685181089
24,1.38268255431,26,0.374682554315,1.008,0.008,1.0,0.0
25,1.39068255431,27,0.380974654289,1.00970790003,0.008,1.0,0.00170790002623
26,1.40512186585,28,0.397121865847,1.008,0.008,1.0,0.0
27,1.41312186585,29,0.4002074136,1.01291445225,0.008,1.0,0.00491445224679
28,1.42895821426,30,0.420958214258,1.008,0.008,1.0,0.0
29,1.44773676567,31,0.439736765675,1.008,0.008,1.0,0.0
30,1.45573676567,32,0.445062449651,1.01067431602,0.008,1.0,0.00267431602432
31,1.46373676567,33,0.453308350543,1.01042841513,0.008,1.0,0.00242841513233
32,1.47349807892,34,0.465498078922,1.008,0.008,1.0,0.0
33,1.48149807892,35,0.471670403454,1.00982767547,0.008,1.0,0.00182767546813
34,1.49081746025,36,0.482817460247,1.008,0.008,1.0,0.0
35,1.50162999686,37,0.493629996864,1.008,0.008,1.0,0.0
36,1.50962999686,38,0.498856134087,1.01077386278,0.008,1.0,0.00277386277666
37,1.51762999686,39,0.504219069239,1.01341092762,0.008,1.0,0.00541092762481
38,1.52602833979,40,0.518028339791,1.008,0.008,1.0,0.0
39,1.53681758175,41,0.528817581751,1.008,0.008,1.0,0.0
40,1.54481758175,42,0.532569384158,1.01224819759,0.008,1.0,0.00424819759294
41,1.56965544991,43,0.561655449907,1.008,0.008,1.0,0.0
42,1.58495186285,44,0.576951862847,1.008,0.008,1.0,0.0
43,1.59729453575,45,0.58929453575,1.008,0.008,1.0,0.0
44,1.60529453575,46,0.593017129814,1.01227740594,0.008,1.0,0.00427740593635
45,1.61329453575,47,0.602634828813,1.01065970694,0.008,1.0,0.0026597069365
46,1.62384752164,48,0.615847521638,1.008,0.008,1.0,0.0
47,1.65094178259,49,0.642941782592,1.008,0.008,1.0,0.0
48,1.66043159019,50,0.652431590189,1.008,0.008,1.0,0.0
49,1.68907048961,51,0.681070489612,1.008,0.008,1.0,0.0
50,1.70886203254,52,0.700862032543,1.008,0.008,1.0,0.0
51,1.72536661803,53,0.71736661803,1.008,0.008,1.0,0.0
52,1.73981069528,54,0.731810695279,1.008,0.008,1.0,0.0
53,1.76186228866,55,0.753862288656,1.008,0.008,1.0,0.0
54,1.76986228866,56,0.755169457731,1.01469283092,0.008,1.0,0.0066928309246
55,1.7891110863,57,0.781111086303,1.008,0.008,1.0,0.0
56,1.80920026729,58,0.801200267288,1.008,0.008,1.0,0.0
57,1.88621984039,59,0.878219840388,1.008,0.008,1.0,0.0
58,1.92746033431,60,0.919460334306,1.008,0.008,1.0,0.0
59,1.93546033431,61,0.925358318957,1.01010201535,0.008,1.0,0.00210201534941
60,1.94346033431,62,0.930724689312,1.01273564499,0.008,1.0,0.0047356449935
61,1.99882225164,63,0.990822251645,1.008,0.008,1.0,0.0
62,2.03845064998,64,1.03045064998,1.008,0.008,1.0,0.0
63,2.04645064998,65,1.03816777121,1.00828287876,0.008,1.0,0.000282878764258
64,2.10808605251,66,1.10008605251,1.008,0.008,1.0,0.0
65,2.11608605251,67,1.10755176006,1.00853429246,0.008,1.0,0.000534292458044
66,2.12757143696,68,1.11957143696,1.008,0.008,1.0,0.0
67,2.16144639148,69,1.15344639148,1.008,0.008,1.0,0.0
68,2.21862506153,70,1.21062506153,1.008,0.008,1.0,0.0
69,2.23036624078,71,1.22236624078,1.008,0.008,1.0,0.0
70,2.23836624078,72,1.22519327106,1.01317296972,0.008,1.0,0.00517296971747
71,2.27670208945,73,1.26870208945,1.008,0.008,1.0,0.0
72,2.29641542494,74,1.28841542494,1.008,0.008,1.0,0.0
73,2.30441542494,75,1.29254635845,1.01186906649,0.008,1.0,0.00386906649024
74,2.31241542494,76,1.30001806807,1.01239735686,0.008,1.0,0.00439735686317
75,2.32041542494,77,1.30659314128,1.01382228366,0.008,1.0,0.00582228365844
76,2.3323644545,78,1.3243644545,1.008,0.008,1.0,0.0
77,2.3403644545,79,1.3258945817,1.01446987281,0.008,1.0,0.00646987280764
78,2.3483644545,80,1.33660221787,1.01176223664,0.008,1.0,0.00376223663711
79,2.3563644545,81,1.3377587425,1.018605712,0.008,1.0,0.0106057120022
80,2.3643644545,82,1.34219639051,1.022168064,0.008,1.0,0.0141680639954
81,2.3723644545,83,1.3483397529,1.0240247016,0.008,1.0,0.016024701603
82,2.3803644545,84,1.35485444352,1.02551001098,0.008,1.0,0.0175100109819
83,2.3883644545,85,1.37159372257,1.01677073193,0.008,1.0,0.00877073193296
84,2.3963644545,86,1.3806978595,1.015666595,0.008,1.0,0.00766659500315
85,2.40580213892,87,1.39780213892,1.008,0.008,1.0,0.0
86,2.4173278842,88,1.4093278842,1.008,0.008,1.0,0.0
87,2.4253278842,89,1.40952666837,1.01580121583,0.008,1.0,0.00780121582534
88,2.43577625289,90,1.42777625289,1.008,0.008,1.0,0.0
89,2.45415771387,91,1.44615771387,1.008,0.008,1.0,0.0
90,2.46215771387,92,1.45332706652,1.00883064735,0.008,1.0,0.000830647347539
91,2.47015771387,93,1.46038941698,1.00976829689,0.008,1.0,0.0017682968936
92,2.47815771387,94,1.46516022404,1.01299748983,0.008,1.0,0.00499748982784
93,2.48615771387,95,1.47198707131,1.01417064256,0.008,1.0,0.00617064256459
94,2.49415771387,96,1.48355799593,1.01059971794,0.008,1.0,0.00259971794294
95,2.50215771387,97,1.48862809539,1.01352961848,0.008,1.0,0.00552961847685
96,2.51320641811,98,1.50520641811,1.008,0.008,1.0,0.0
97,2.52120641811,99,1.51235443087,1.00885198725,0.008,1.0,0.000851987248566
98,2.53043906263,100,1.52243906263,1.008,0.008,1.0,0.0
99,2.56583358228,101,1.55783358228,1.008,0.008,1.0,0.0
100,2.57597247411,102,1.56797247411,1.008,0.008,1.0,0.0
101,2.61635338696,103,1.60835338696,1.008,0.008,1.0,0.0
102,2.6902321042,104,1.6822321042,1.008,0.008,1.0,0.0
103,2.70150792323,105,1.69350792323,1.008,0.008,1.0,0.0
104,2.72611765066,106,1.71811765066,1.008,0.008,1.0,0.0
105,2.74075130531,107,1.73275130531,1.008,0.008,1.0,0.0
106,2.75267747057,108,1.74467747057,1.008,0.008,1.0,0.0
107,2.76067747057,109,1.74798959467,1.0126878759,0.008,1.0,0.00468787590325
108,2.76867747057,110,1.75521412003,1.01346335054,0.008,1.0,0.00546335053603
109,2.77667747057,111,1.76101344418,1.01566402639,0.008,1.0,0.00766402639215
110,2.78467747057,112,1.76390921314,1.02076825743,0.008,1.0,0.0127682574261
111,2.79267747057,113,1.77290547084,1.01977199973,0.008,1.0,0.0117719997271
112,2.80067747057,114,1.78606692606,1.01461054451,0.008,1.0,0.00661054450522
113,2.81923180548,115,1.81123180548,1.008,0.008,1.0,0.0
114,2.82723180548,116,1.81686972612,1.01036207936,0.008,1.0,0.00236207935812
115,2.83523180548,117,1.8271653887,1.00806641677,0.008,1.0,6.64167749125e-05
116,2.89135492423,118,1.88335492423,1.008,0.008,1.0,0.0
117,2.90615306228,119,1.89815306228,1.008,0.008,1.0,0.0
118,2.92216206613,120,1.91416206613,1.008,0.008,1.0,0.0
119,2.93016206613,121,1.91694148394,1.01322058218,0.008,1.0,0.00522058218216
120,2.94073881727,122,1.93273881727,1.008,0.008,1.0,0.0
121,2.96145151768,123,1.95345151768,1.008,0.008,1.0,0.0
122,3.01760138542,124,2.00960138542,1.008,0.008,1.0,0.0
123,3.0270843909,125,2.0190843909,1.008,0.008,1.0,0.0
124,3.0350843909,126,2.02276847734,1.01231591356,0.008,1.0,0.00431591355823
125,3.0430843909,127,2.02442383647,1.01866055443,0.008,1.0,0.0106605544306
126,3.06079682998,128,2.05279682998,1.008,0.008,1.0,0.0
127,3.08501143431,129,2.07701143431,1.008,0.008,1.0,0.0
128,3.09363911106,130,2.08563911106,1.008,0.008,1.0,0.0
129,3.10932789314,131,2.10132789314,1.008,0.008,1.0,0.0
130,3.13813820379,132,2.13013820379,1.008,0.008,1.0,0.0
131,3.14613820379,133,2.13021478986,1.01592341393,0.008,1.0,0.00792341393286
132,3.15413820379,134,2.13039099964,1.02374720415,0.008,1.0,0.0157472041521
133,3.16213820379,135,2.14097928889,1.0211589149,0.008,1.0,0.013158914901
134,3.17013820379,136,2.15434890491,1.01578929888,0.008,1.0,0.0077892988784
135,3.17813820379,137,2.16526961697,1.01286858683,0.008,1.0,0.00486858682579
136,3.18613820379,138,2.17029209532,1.01584610847,0.008,1.0,0.00784610847442
137,3.19413820379,139,2.17447472632,1.01966347748,0.008,1.0,0.0116634774755
138,3.20213820379,140,2.17805319599,1.0240850078,0.008,1.0,0.0160850077996
139,3.21900966416,141,2.21100966416,1.008,0.008,1.0,0.0
140,3.22700966416,142,2.21534101797,1.01166864619,0.008,1.0,0.00366864618625
141,3.23500966416,143,2.22337704753,1.01163261662,0.008,1.0,0.00363261662164
142,3.25962593992,144,2.25162593992,1.008,0.008,1.0,0.0
143,3.28603026608,145,2.27803026608,1.008,0.008,1.0,0.0
144,3.29403026608,146,2.28120251786,1.01282774821,0.008,1.0,0.0048277482143
145,3.30203026608,147,2.28123789785,1.02079236822,0.008,1.0,0.0127923682237
146,3.31003026608,148,2.28691482943,1.02311543665,0.008,1.0,0.0151154366452
147,3.31803026608,149,2.30253142208,1.015498844,0.008,1.0,0.00749884399943
148,3.33848054646,150,2.33048054646,1.008,0.008,1.0,0.0
149,3.34648054646,151,2.33797424001,1.00850630646,0.008,1.0,0.000506306459681
150,3.392271236,152,2.384271236,1.008,0.008,1.0,0.0
151,3.4189468673,153,2.4109468673,1.008,0.008,1.0,0.0
152,3.42792628358,154,2.41992628358,1.008,0.008,1.0,0.0
153,3.43592628358,155,2.42303186045,1.01289442312,0.008,1.0,0.00489442312415
154,3.44392628358,156,2.43335996751,1.01056631607,0.008,1.0,0.00256631606531
155,3.46382538512,157,2.45582538512,1.008,0.008,1.0,0.0
156,3.49395128221,158,2.48595128221,1.008,0.008,1.0,0.0
157,3.50356344029,159,2.49556344029,1.008,0.008,1.0,0.0
158,3.51156344029,160,2.49730597824,1.01425746205,0.008,1.0,0.00625746204888
159,3.51956344029,161,2.49920118208,1.02036225821,0.008,1.0,0.0123622582111
160,3.52756344029,162,2.50451674295,1.02304669735,0.008,1.0,0.0150466973459
161,3.53745004952,163,2.52945004952,1.008,0.008,1.0,0.0
162,3.54545004952,164,2.53465582366,1.01079422587,0.008,1.0,0.00279422586871
163,3.55345004952,165,2.54543400482,1.00801604471,0.008,1.0,1.60447055526e-05
164,3.60919823908,166,2.60119823908,1.008,0.008,1.0,0.0
165,3.61719823908,167,2.60807061447,1.00912762461,0.008,1.0,0.00112762460516
166,3.62519823908,168,2.6118113894,1.01338684967,0.008,1.0,0.00538684967484
167,3.63319823908,169,2.62311262197,1.01008561711,0.008,1.0,0.0020856171071
168,3.64119823908,170,2.62433138289,1.01686685619,0.008,1.0,0.00886685618908
169,3.64919823908,171,2.63517984441,1.01401839467,0.008,1.0,0.00601839467288
170,3.65719823908,172,2.64308114053,1.01411709855,0.008,1.0,0.00611709854783
171,3.66519823908,173,2.64608737544,1.01911086364,0.008,1.0,0.0111108636414
172,3.67319823908,174,2.64653506608,1.026663173,0.008,1.0,0.0186631729957
173,3.68119823908,175,2.65235166511,1.02884657397,0.008,1.0,0.0208465739739
174,3.68919823908,176,2.65414809285,1.03505014623,0.008,1.0,0.0270501462279
175,3.69719823908,177,2.65938144622,1.03781679285,0.008,1.0,0.0298167928549
176,3.70519823908,178,2.66272527206,1.04247296702,0.008,1.0,0.0344729670153
177,3.71319823908,179,2.69925878028,1.0139394588,0.008,1.0,0.00593945880203
178,3.72723786519,180,2.71923786519,1.008,0.008,1.0,0.0
179,3.73529266107,181,2.72729266107,1.008,0.008,1.0,0.0
180,3.74329266107,182,2.73393821449,1.00935444658,0.008,1.0,0.00135444658248
181,3.76529832391,183,2.75729832391,1.008,0.008,1.0,0.0
182,3.77329832391,184,2.75829260831,1.0150057156,0.008,1.0,0.00700571559533
183,3.78129832391,185,2.77302406547,1.00827425844,0.008,1.0,0.000274258439601
184,3.78929832391,186,2.77509521287,1.01420311103,0.008,1.0,0.00620311103271
185,3.79729832391,187,2.78506393366,1.01223439024,0.008,1.0,0.00423439024315
186,3.80529832391,188,2.78627527835,1.01902304555,0.008,1.0,0.0110230455524
187,3.81329832391,189,2.79420985732,1.01908846658,0.008,1.0,0.011088466585
188,3.82129832391,190,2.80696944948,1.01432887443,0.008,1.0,0.00632887442533
189,3.82929832391,191,2.80701599032,1.02228233358,0.008,1.0,0.0142823335801
190,3.84396627449,192,2.83596627449,1.008,0.008,1.0,0.0
191,3.85196627449,193,2.8376815969,1.0142846776,0.008,1.0,0.00628467759813
192,3.85996627449,194,2.84103196524,1.01893430926,0.008,1.0,0.0109343092563
193,3.86796627449,195,2.85162462793,1.01634164657,0.008,1.0,0.00834164656531
194,3.87596627449,196,2.86507030418,1.01089597031,0.008,1.0,0.00289597031468
195,3.90004033729,197,2.89204033729,1.008,0.008,1.0,0.0
196,3.9083918976,198,2.9003918976,1.008,0.008,1.0,0.0
197,3.92703928007,199,2.91903928007,1.008,0.008,1.0,0.0
198,3.94417508823,200,2.93617508823,1.008,0.008,1.0,0.0
199,3.95217508823,201,2.93702923797,1.01514585027,0.008,1.0,0.00714585026682
200,3.96017508823,202,2.94715886445,1.01301622378,0.008,1.0,0.00501622378352
201,3.96817508823,203,2.94802116122,1.02015392701,0.008,1.0,0.0121539270145
202,3.97617508823,204,2.96127628513,1.01489880311,0.008,1.0,0.00689880310636
203,4.00778641057,205,2.99978641057,1.008,0.008,1.0,0.0
204,4.01578641057,206,3.00030878318,1.01547762738,0.008,1.0,0.00747762738443
205,4.02378641057,207,3.00233705548,1.02144935509,0.008,1.0,0.0134493550904
206,4.03178641057,208,3.01236003317,1.01942637739,0.008,1.0,0.0114263773914
207,4.03978641057,209,3.02994154665,1.00984486391,0.008,1.0,0.00184486391247
208,4.06169303527,210,3.05369303527,1.008,0.008,1.0,0.0
209,4.06969303527,211,3.05685717664,1.01283585863,0.008,1.0,0.00483585863441
210,4.07769303527,212,3.05885414113,1.01883889415,0.008,1.0,0.0108388941468
211,4.11398830756,213,3.10598830756,1.008,0.008,1.0,0.0
212,4.12621168263,214,3.11821168263,1.008,0.008,1.0,0.0
213,4.14896367719,215,3.14096367719,1.008,0.008,1.0,0.0
214,4.15696367719,216,3.14770816377,1.00925551342,0.008,1.0,0.00125551342005
215,4.1796381975,217,3.1716381975,1.008,0.008,1.0,0.0
216,4.1876381975,218,3.17941188651,1.00822631099,0.008,1.0,0.000226310989518
217,4.21356496962,219,3.20556496962,1.008,0.008,1.0,0.0
218,4.22156496962,220,3.2075446035,1.01402036612,0.008,1.0,0.00602036612197
219,4.24731333173,221,3.23931333173,1.008,0.008,1.0,0.0
220,4.25531333173,222,3.24393705887,1.01137627286,0.008,1.0,0.00337627285864
221,4.26331333173,223,3.25502525235,1.00828807938,0.008,1.0,0.000288079382777
222,4.27715421051,224,3.26915421051,1.008,0.008,1.0,0.0
223,4.28515421051,225,3.27542318199,1.00973102852,0.008,1.0,0.00173102852393
224,4.31369676788,226,3.30569676788,1.008,0.008,1.0,0.0
225,4.32169676788,227,3.31365622714,1.00804054073,0.008,1.0,4.05407333126e-05
226,4.3310836176,228,3.3230836176,1.008,0.008,1.0,0.0
227,4.35549451207,229,3.34749451207,1.008,0.008,1.0,0.0
228,4.36349451207,230,3.35033821443,1.01315629763,0.008,1.0,0.0051562976347
229,4.37149451207,231,3.35849330186,1.0130012102,0.008,1.0,0.00500121020471
230,4.3856357276,232,3.3776357276,1.008,0.008,1.0,0.0
231,4.4101844586,233,3.4021844586,1.008,0.008,1.0,0.0
232,4.42605670993,234,3.41805670993,1.008,0.008,1.0,0.0
233,4.43405670993,235,3.42082830448,1.01322840546,0.008,1.0,0.00522840545902
234,4.44205670993,236,3.42301998763,1.01903672231,0.008,1.0,0.0110367223091
235,4.45005670993,237,3.42966543996,1.02039126997,0.008,1.0,0.0123912699746
236,4.45805670993,238,3.43058121183,1.02747549811,0.008,1.0,0.0194754981086
237,4.46605670993,239,3.44384323362,1.02221347631,0.008,1.0,0.014213476311
238,4.47405670993,240,3.44441250185,1.02964420809,0.008,1.0,0.0216442080854
239,4.48205670993,241,3.47329432562,1.00876238431,0.008,1.0,0.00076238431348
240,4.49586547122,242,3.48786547122,1.008,0.008,1.0,0.0
241,4.51115423278,243,3.50315423278,1.008,0.008,1.0,0.0
242,4.51915423278,244,3.50956682488,1.0095874079,0.008,1.0,0.00158740790221
243,4.52715423278,245,3.51883112718,1.0083231056,0.008,1.0,0.000323105599055
244,4.53515423278,246,3.51957711579,1.01557711699,0.008,1.0,0.00757711698937
245,4.5468516699,247,3.5388516699,1.008,0.008,1.0,0.0
246,4.57470086352,248,3.56670086352,1.008,0.008,1.0,0.0
247,4.58280794265,249,3.57480794265,1.008,0.008,1.0,0.0
248,4.59080794265,250,3.57527699651,1.01553094614,0.008,1.0,0.00753094613892
249,4.59880794265,251,3.58405738973,1.01475055291,0.008,1.0,0.00675055291083
250,4.60680794265,252,3.58538918142,1.02141876123,0.008,1.0,0.0134187612281
251,4.61480794265,253,3.59376044808,1.02104749456,0.008,1.0,0.0130474945626
252,4.62280794265,254,3.6145650289,1.00824291375,0.008,1.0,0.000242913746418
253,4.64788070864,255,3.63988070864,1.008,0.008,1.0,0.0
254,4.67624356993,256,3.66824356993,1.008,0.008,1.0,0.0
255,4.68496146321,257,3.67696146321,1.008,0.008,1.0,0.0
256,4.69296146321,258,3.67859876489,1.01436269831,0.008,1.0,0.00636269831448
257,4.70096146321,259,3.6886915637,1.0122698995,0.008,1.0,0.00426989950497
258,4.70896146321,260,3.690435463,1.01852600021,0.008,1.0,0.0105260002111
259,4.71696146321,261,3.69917751639,1.01778394682,0.008,1.0,0.00978394682043
260,4.72496146321,262,3.70003930716,1.02492215605,0.008,1.0,0.0169221560468
261,4.73296146321,263,3.72400910814,1.00895235506,0.008,1.0,0.000952355064844
262,4.74096146321,264,3.73121040363,1.00975105957,0.008,1.0,0.00175105957339
263,4.74896146321,265,3.73202894164,1.01693252157,0.008,1.0,0.00893252156541
264,4.75696146321,266,3.73417990088,1.02278156232,0.008,1.0,0.0147815623248
265,4.76496146321,267,3.744185318,1.02077614521,0.008,1.0,0.0127761452062
266,4.77296146321,268,3.75078557508,1.02217588813,0.008,1.0,0.0141758881296
267,4.78096146321,269,3.76096090979,1.02000055342,0.008,1.0,0.0120005534194
268,4.78896146321,270,3.76870966133,1.02025180188,0.008,1.0,0.0122518018782
269,4.79696146321,271,3.77585748939,1.02110397381,0.008,1.0,0.0131039738144
270,4.806268607,272,3.798268607,1.008,0.008,1.0,0.0
271,4.814268607,273,3.80570634084,1.00856226616,0.008,1.0,0.000562266157051
272,4.83173889137,274,3.82373889137,1.008,0.008,1.0,0.0
273,4.84048344336,275,3.83248344336,1.008,0.008,1.0,0.0
274,4.84848344336,276,3.83859688623,1.00988655713,0.008,1.0,0.0018865571312
275,4.88755793867,277,3.87955793867,1.008,0.008,1.0,0.0
276,4.89589331326,278,3.88789331326,1.008,0.008,1.0,0.0
277,4.904272366,279,3.896272366,1.008,0.008,1.0,0.0
278,4.91896419632,280,3.91096419632,1.008,0.008,1.0,0.0
279,4.92748643992,281,3.91948643992,1.008,0.008,1.0,0.0
280,4.93548643992,282,3.92043674719,1.01504969273,0.008,1.0,0.00704969273064
281,4.94348643992,283,3.93388996437,1.00959647555,0.008,1.0,0.00159647555043
282,4.95148643992,284,3.9398667436,1.01161969632,0.008,1.0,0.0036196963204
283,4.95948643992,285,3.94134983839,1.01813660153,0.008,1.0,0.0101366015294
284,4.96748643992,286,3.95919220414,1.00829423578,0.008,1.0,0.000294235776067
285,4.97548643992,287,3.96230833974,1.01317810018,0.008,1.0,0.00517810018056
286,4.98862466855,288,3.98062466855,1.008,0.008,1.0,0.0
287,4.99710529766,289,3.98910529766,1.008,0.008,1.0,0.0
288,5.00510529766,290,3.98964642659,1.01545887107,0.008,1.0,0.00745887107249
289,5.01310529766,291,3.99121723654,1.02188806112,0.008,1.0,0.013888061125
290,5.02110529766,292,3.99761273012,1.02349256754,0.008,1.0,0.0154925675435
291,5.02910529766,293,4.00791141911,1.02119387855,0.008,1.0,0.013193878553
292,5.03880958696,294,4.03080958696,1.008,0.008,1.0,0.0
293,5.04680958696,295,4.03197582997,1.01483375699,0.008,1.0,0.00683375699412
294,5.05480958696,296,4.03278127845,1.02202830852,0.008,1.0,0.014028308516
295,5.06280958696,297,4.04582793744,1.01698164952,0.008,1.0,0.0089816495237
296,5.07080958696,298,4.06161589064,1.00919369633,0.008,1.0,0.00119369632826
297,5.07880958696,299,4.06248196356,1.0163276234,0.008,1.0,0.0083276234006
298,5.08791171835,300,4.07991171835,1.008,0.008,1.0,0.0
299,5.09650469514,301,4.08850469514,1.008,0.008,1.0,0.0
300,5.10450469514,302,4.0922798783,1.01222481684,0.008,1.0,0.00422481684035
301,5.11250469514,303,4.09455112675,1.01795356839,0.008,1.0,0.00995356839281
302,5.12111211717,304,4.11311211717,1.008,0.008,1.0,0.0
303,5.12911211717,305,4.12043045859,1.00868165858,0.008,1.0,0.000681658577203
304,5.15061047536,306,4.14261047536,1.008,0.008,1.0,0.0
305,5.17721944811,307,4.16921944811,1.008,0.008,1.0,0.0
306,5.18521944811,308,4.16952103908,1.01569840903,0.008,1.0,0.00769840902749
307,5.19321944811,309,4.17740140906,1.01581803904,0.008,1.0,0.00781803904488
308,5.21132765723,310,4.20332765723,1.008,0.008,1.0,0.0
309,5.25807500731,311,4.25007500731,1.008,0.008,1.0,0.0
310,5.27262851946,312,4.26462851946,1.008,0.008,1.0,0.0
311,5.28062851946,313,4.26490261787,1.01572590158,0.008,1.0,0.00772590158413
312,5.29683875491,314,4.28883875491,1.008,0.008,1.0,0.0
313,5.33078356372,315,4.32278356372,1.008,0.008,1.0,0.0
314,5.33878356372,316,4.32853978543,1.01024377829,0.008,1.0,0.00224377828885
315,5.34678356372,317,4.33001344771,1.01677011601,0.008,1.0,0.00877011601127
316,5.35478356372,318,4.33670697723,1.01807658649,0.008,1.0,0.0100765864856
317,5.37585937186,319,4.36785937186,1.008,0.008,1.0,0.0
318,5.39025141633,320,4.38225141633,1.008,0.008,1.0,0.0
319,5.39825141633,321,4.38653624177,1.01171517456,0.008,1.0,0.00371517456216
320,5.41221028499,322,4.40421028499,1.008,0.008,1.0,0.0
321,5.4302277618,323,4.4222277618,1.008,0.008,1.0,0.0
322,5.4382277618,324,4.42804167338,1.01018608842,0.008,1.0,0.00218608841772
323,5.45419076861,325,4.44619076861,1.008,0.008,1.0,0.0
324,5.46219076861,326,4.44987295061,1.012317818,0.008,1.0,0.00431781800278
325,5.47019076861,327,4.4597041521,1.01048661651,0.008,1.0,0.00248661651214
326,5.47819076861,328,4.46801722017,1.01017354844,0.008,1.0,0.00217354844264
327,5.50265384893,329,4.49465384893,1.008,0.008,1.0,0.0
328,5.51065384893,330,4.49576981202,1.01488403691,0.008,1.0,0.00688403690881
329,5.51865384893,331,4.49854727919,1.02010656974,0.008,1.0,0.0121065697407
330,5.52665384893,332,4.5050171293,1.02163671963,0.008,1.0,0.0136367196301
331,5.53465384893,333,4.52221371232,1.01244013661,0.008,1.0,0.00444013660712
332,5.54265384893,334,4.53094105664,1.01171279229,0.008,1.0,0.00371279229161
333,5.55065384893,335,4.54029237169,1.01036147724,0.008,1.0,0.00236147724067
334,5.5653421244,336,4.5573421244,1.008,0.008,1.0,0.0
335,5.5733421244,337,4.55965667648,1.01368544792,0.008,1.0,0.00568544792229
336,5.59009258455,338,4.58209258455,1.008,0.008,1.0,0.0
337,5.59886050609,339,4.59086050609,1.008,0.008,1.0,0.0
338,5.60751902595,340,4.59951902595,1.008,0.008,1.0,0.0
339,5.61551902595,341,4.60208667485,1.0134323511,0.008,1.0,0.00543235110052
340,5.62351902595,342,4.60441975199,1.01909927396,0.008,1.0,0.0110992739637
341,5.63151902595,343,4.60814847103,1.02337055493,0.008,1.0,0.0153705549258
342,5.63951902595,344,4.62560816609,1.01391085986,0.008,1.0,0.00591085986162
343,5.64751902595,345,4.63033833862,1.01718068733,0.008,1.0,0.00918068732969
344,5.65559771,346,4.64759771,1.008,0.008,1.0,0.0
345,5.67077362166,347,4.66277362166,1.008,0.008,1.0,0.0
346,5.70338118821,348,4.69538118821,1.008,0.008,1.0,0.0
347,5.71138118821,349,4.69742907682,1.01395211139,0.008,1.0,0.00595211139423
348,5.71938118821,350,4.69817549128,1.02120569693,0.008,1.0,0.0132056969311
349,5.72738118821,351,4.70308972624,1.02429146197,0.008,1.0,0.0162914619729
350,5.73538118821,352,4.70909537368,1.02628581453,0.008,1.0,0.0182858145255
351,5.74338118821,353,4.71192288102,1.03145830719,0.008,1.0,0.0234583071943
352,5.75138118821,354,4.71272930266,1.03865188555,0.008,1.0,0.0306518855465
353,5.75938118821,355,4.73743828435,1.02194290386,0.008,1.0,0.013942903864
354,5.76738118821,356,4.73936116278,1.02802002543,0.008,1.0,0.0200200254275
355,5.77538118821,357,4.74164897547,1.03373221274,0.008,1.0,0.0257322127415
356,5.78338118821,358,4.75079277537,1.03258841284,0.008,1.0,0.0245884128352
357,5.79138118821,359,4.77016444296,1.02121674525,0.008,1.0,0.0132167452482
358,5.79938118821,360,4.77453800638,1.02484318183,0.008,1.0,0.0168431818263
359,5.80738118821,361,4.77826782149,1.02911336672,0.008,1.0,0.0211133667249
360,5.81538118821,362,4.79347614591,1.0219050423,0.008,1.0,0.0139050423048
361,5.82530080008,363,4.81730080008,1.008,0.008,1.0,0.0
362,5.86853801734,364,4.86053801734,1.008,0.008,1.0,0.0
363,5.87653801734,365,4.8684965937,1.00804142364,0.008,1.0,4.14236373905e-05
364,5.88453801734,366,4.87325668571,1.01128133163,0.008,1.0,0.00328133162597
365,5.89253801734,367,4.88068044377,1.01185757357,0.008,1.0,0.00385757356662
366,5.90053801734,368,4.88159313178,1.01894488556,0.008,1.0,0.0109448855602
367,5.90853801734,369,4.89113990108,1.01739811626,0.008,1.0,0.00939811625885
368,5.91653801734,370,4.8951098978,1.02142811954,0.008,1.0,0.0134281195411
369,5.92453801734,371,4.90462777984,1.01991023749,0.008,1.0,0.011910237495
370,5.93253801734,372,4.92429276839,1.00824524895,0.008,1.0,0.000245248949235
371,5.94343178509,373,4.93543178509,1.008,0.008,1.0,0.0
372,5.96136674616,374,4.95336674616,1.008,0.008,1.0,0.0
373,5.97673128523,375,4.96873128523,1.008,0.008,1.0,0.0
374,5.98473128523,376,4.97075162114,1.01397966409,0.008,1.0,0.00597966409258
375,5.99273128523,377,4.97576863454,1.01696265069,0.008,1.0,0.00896265068693
376,6.00073128523,378,4.98386283739,1.01686844784,0.008,1.0,0.00886844784078
377,6.00873128523,379,4.98812512157,1.02060616366,0.008,1.0,0.0126061636638
378,6.01673128523,380,5.00156767824,1.01516360699,0.008,1.0,0.00716360698878
379,6.02473128523,381,5.00181730418,1.02291398105,0.008,1.0,0.0149139810491
380,6.03273128523,382,5.00477339981,1.02795788542,0.008,1.0,0.0199578854225
381,6.04073128523,383,5.00661540929,1.03411587594,0.008,1.0,0.0261158759386
382,6.04873128523,384,5.02419675323,1.024534532,0.008,1.0,0.016534531998
383,6.05673128523,385,5.04850790678,1.00822337845,0.008,1.0,0.000223378447709
384,6.0665613274,386,5.0585613274,1.008,0.008,1.0,0.0
385,6.07815650339,387,5.07015650339,1.008,0.008,1.0,0.0
386,6.09378207278,388,5.08578207278,1.008,0.008,1.0,0.0
387,6.10178207278,389,5.09098088931,1.01080118346,0.008,1.0,0.00280118346145
388,6.10978207278,390,5.09923222347,1.01054984931,0.008,1.0,0.00254984930775
389,6.11778207278,391,5.10120078697,1.01658128581,0.008,1.0,0.00858128580825
390,6.14218546973,392,5.13418546973,1.008,0.008,1.0,0.0
391,6.15435700236,393,5.14635700236,1.008,0.008,1.0,0.0
392,6.16235700236,394,5.14754030252,1.01481669984,0.008,1.0,0.00681669984104
393,6.17035700236,395,5.14804977433,1.02230722803,0.008,1.0,0.0143072280315
394,6.18031455093,396,5.17231455093,1.008,0.008,1.0,0.0
395,6.18831455093,397,5.17861931662,1.00969523432,0.008,1.0,0.00169523431529
396,6.19631455093,398,5.18251526087,1.01379929006,0.008,1.0,0.00579929005915
397,6.20431455093,399,5.19105646725,1.01325808369,0.008,1.0,0.00525808368757
398,6.21231455093,400,5.20123213292,1.01108241802,0.008,1.0,0.00308241801866
399,6.23883445711,401,5.23083445711,1.008,0.008,1.0,0.0
400,6.258836452,402,5.250836452,1.008,0.008,1.0,0.0
401,6.27659963322,403,5.26859963322,1.008,0.008,1.0,0.0
402,6.28459963322,404,5.27478905309,1.00981058012,0.008,1.0,0.00181058012288
403,6.29259963322,405,5.28097255921,1.01162707401,0.008,1.0,0.00362707400522
404,6.30421102023,406,5.29621102023,1.008,0.008,1.0,0.0
405,6.31654125838,407,5.30854125838,1.008,0.008,1.0,0.0
406,6.32454125838,408,5.31610882036,1.00843243801,0.008,1.0,0.000432438014484
407,6.33254125838,409,5.32076042534,1.01178083303,0.008,1.0,0.00378083303288
408,6.34054125838,410,5.32626720495,1.01427405343,0.008,1.0,0.00627405343108
409,6.34854125838,411,5.33346949467,1.01507176371,0.008,1.0,0.00707176370719
410,6.37112869359,412,5.36312869359,1.008,0.008,1.0,0.0
411,6.37912869359,413,5.37025771991,1.00887097368,0.008,1.0,0.000870973681622
412,6.38712869359,414,5.37037690065,1.01675179294,0.008,1.0,0.00875179294041
413,6.39512869359,415,5.3728214729,1.02230722069,0.008,1.0,0.0143072206923
414,6.40312869359,416,5.38512156892,1.01800712468,0.008,1.0,0.0100071246777
415,6.41112869359,417,5.39530264429,1.0158260493,0.008,1.0,0.00782604930237
416,6.42125962476,418,5.41325962476,1.008,0.008,1.0,0.0
417,6.43169694067,419,5.42369694067,1.008,0.008,1.0,0.0
418,6.44243285471,420,5.43443285471,1.008,0.008,1.0,0.0
419,6.45043285471,421,5.44028950387,1.01014335083,0.008,1.0,0.00214335083361
420,6.47214066898,422,5.46414066898,1.008,0.008,1.0,0.0
421,6.48014066898,423,5.46495090665,1.01518976233,0.008,1.0,0.00718976232977
422,6.48814066898,424,5.46642488046,1.02171578851,0.008,1.0,0.0137157885113
423,6.50948613045,425,5.50148613045,1.008,0.008,1.0,0.0
424,6.51748613045,426,5.50235876041,1.01512737003,0.008,1.0,0.00712737003358
425,6.52548613045,427,5.50467389502,1.02081223543,0.008,1.0,0.0128122354298
426,6.53348613045,428,5.5186177438,1.01486838665,0.008,1.0,0.0068683866471
427,6.54208863994,429,5.53408863994,1.008,0.008,1.0,0.0
428,6.55008863994,430,5.54047180649,1.00961683344,0.008,1.0,0.00161683344147
429,6.55808863994,431,5.54912707989,1.00896156004,0.008,1.0,0.000961560043315
430,6.5713321664,432,5.5633321664,1.008,0.008,1.0,0.0
431,6.5793321664,433,5.56695509164,1.01237707475,0.008,1.0,0.00437707475496
432,6.5873321664,434,5.56781719976,1.01951496664,0.008,1.0,0.0115149666408
433,6.61687558638,435,5.60887558638,1.008,0.008,1.0,0.0
434,6.62487558638,436,5.61402294816,1.01085263822,0.008,1.0,0.0028526382203
435,6.63287558638,437,5.61771736034,1.01515822604,0.008,1.0,0.00715822603744
436,6.64392290522,438,5.63592290522,1.008,0.008,1.0,0.0
437,6.65192290522,439,5.63720732312,1.0147155821,0.008,1.0,0.00671558209939
438,6.65992290522,440,5.63834632834,1.02157657688,0.008,1.0,0.0135765768833
439,6.66792290522,441,5.64239300172,1.0255299035,0.008,1.0,0.0175299035032
440,6.67592290522,442,5.66393788323,1.01198502199,0.008,1.0,0.00398502198931
441,6.68392290522,443,5.66704209395,1.01688081127,0.008,1.0,0.00888081126802
442,6.69192290522,444,5.67893012191,1.01299278331,0.008,1.0,0.00499278330546
443,6.69992290522,445,5.68274691801,1.01717598721,0.008,1.0,0.00917598720992
444,6.70796081508,446,5.69996081508,1.008,0.008,1.0,0.0
445,6.71596081508,447,5.70572606026,1.01023475482,0.008,1.0,0.00223475482104
446,6.72396081508,448,5.71323485292,1.01072596215,0.008,1.0,0.00272596215497
447,6.73196081508,449,5.71379597632,1.01816483876,0.008,1.0,0.0101648387579
448,6.74835193384,450,5.74035193384,1.008,0.008,1.0,0.0
449,6.75734509581,451,5.74934509581,1.008,0.008,1.0,0.0
450,6.76633104289,452,5.75833104289,1.008,0.008,1.0,0.0
451,6.77621056367,453,5.76821056367,1.008,0.008,1.0,0.0
452,6.7926854766,454,5.7846854766,1.008,0.008,1.0,0.0
453,6.8006854766,455,5.78590617324,1.01477930336,0.008,1.0,0.00677930336242
454,6.8086854766,456,5.78886766299,1.0198178136,0.008,1.0,0.0118178136049
455,6.83365434893,457,5.82565434893,1.008,0.008,1.0,0.0
456,6.84165434893,458,5.83296478505,1.00868956388,0.008,1.0,0.000689563884422
457,6.84965434893,459,5.83534117378,1.01431317516,0.008,1.0,0.00631317515677
458,6.8747964099,460,5.8667964099,1.008,0.008,1.0,0.0
459,6.9038426325,461,5.8958426325,1.008,0.008,1.0,0.0
460,6.92178997977,462,5.91378997977,1.008,0.008,1.0,0.0
461,6.92978997977,463,5.91490399279,1.01488598698,0.008,1.0,0.00688598697712
462,6.9408563561,464,5.9328563561,1.008,0.008,1.0,0.0
463,6.9488563561,465,5.93819212875,1.01066422735,0.008,1.0,0.00266422734586
464,6.95883185288,466,5.95083185288,1.008,0.008,1.0,0.0
465,6.96683185288,467,5.95705602869,1.00977582419,0.008,1.0,0.00177582418589
466,6.97483185288,468,5.95753920576,1.01729264711,0.008,1.0,0.00929264711218
467,6.98283185288,469,5.97014581803,1.01268603484,0.008,1.0,0.00468603484452
468,6.99083185288,470,5.97345619476,1.01737565811,0.008,1.0,0.00937565811054
469,6.99883185288,471,5.98940097991,1.00943087296,0.008,1.0,0.00143087296412
470,7.00683185288,472,5.99717621226,1.00965564062,0.008,1.0,0.00165564061764
471,7.02698036641,473,6.01898036641,1.008,0.008,1.0,0.0
472,7.04568326057,474,6.03768326057,1.008,0.008,1.0,0.0
473,7.05368326057,475,6.04101091491,1.01267234565,0.008,1.0,0.00467234565177
474,7.06168326057,476,6.04381688119,1.01786637938,0.008,1.0,0.00986637937518
475,7.06968326057,477,6.04388226351,1.02580099705,0.008,1.0,0.0178009970549
476,7.07768326057,478,6.06626696257,1.01141629799,0.008,1.0,0.00341629799117
477,7.09117838277,479,6.08317838277,1.008,0.008,1.0,0.0
478,7.11043637933,480,6.10243637933,1.008,0.008,1.0,0.0
479,7.14942232678,481,6.14142232678,1.008,0.008,1.0,0.0
480,7.16394218936,482,6.15594218936,1.008,0.008,1.0,0.0
481,7.17194218936,483,6.15888228818,1.01305990118,0.008,1.0,0.00505990117726
482,7.18685669626,484,6.17885669626,1.008,0.008,1.0,0.0
483,7.21097682777,485,6.20297682777,1.008,0.008,1.0,0.0
484,7.22250201107,486,6.21450201107,1.008,0.008,1.0,0.0
485,7.24844819477,487,6.24044819477,1.008,0.008,1.0,0.0
486,7.25644819477,488,6.24478545451,1.01166274027,0.008,1.0,0.00366274026609
487,7.26444819477,489,6.24505412385,1.01939407092,0.008,1.0,0.0113940709209
488,7.27244819477,490,6.24623234753,1.02621584725,0.008,1.0,0.0182158472456
489,7.28044819477,491,6.25410368205,1.02634451272,0.008,1.0,0.0183445127179
490,7.28844819477,492,6.25534381742,1.03310437735,0.008,1.0,0.0251043773514
491,7.29644819477,493,6.26351815485,1.03293003992,0.008,1.0,0.0249300399238
492,7.33625844986,494,6.32825844986,1.008,0.008,1.0,0.0
493,7.35785739725,495,6.34985739725,1.008,0.008,1.0,0.0
494,7.36585739725,496,6.35027952882,1.01557786844,0.008,1.0,0.00757786843557
495,7.38269515405,497,6.37469515405,1.008,0.008,1.0,0.0
496,7.39069515405,498,6.37612783338,1.01456732067,0.008,1.0,0.00656732066864
497,7.39869515405,499,6.387168756,1.01152639805,0.008,1.0,0.00352639804628
498,7.40669515405,500,6.39445680347,1.01223835058,0.008,1.0,0.00423835058051
499,7.42608628343,501,6.41808628343,1.008,0.008,1.0,0.0
500,7.46778352341,502,6.45978352341,1.008,0.008,1.0,0.0
501,7.48327814215,503,6.47527814215,1.008,0.008,1.0,0.0
502,7.49127814215,504,6.47595738784,1.01532075431,0.008,1.0,0.00732075431025
503,7.50155060367,505,6.49355060367,1.008,0.008,1.0,0.0
504,7.50955060367,506,6.4973882742,1.01216232947,0.008,1.0,0.00416232946668
505,7.51755060367,507,6.50530719291,1.01224341076,0.008,1.0,0.0042434107574
506,7.53115711218,508,6.52315711218,1.008,0.008,1.0,0.0
507,7.53915711218,509,6.52696803195,1.01218908023,0.008,1.0,0.00418908022908
508,7.5600843835,510,6.5520843835,1.008,0.008,1.0,0.0
509,7.57714609921,511,6.56914609921,1.008,0.008,1.0,0.0
510,7.60138890037,512,6.59338890037,1.008,0.008,1.0,0.0
511,7.61126246614,513,6.60326246614,1.008,0.008,1.0,0.0
512,7.63915446628,514,6.63115446628,1.008,0.008,1.0,0.0
513,7.67974080184,515,6.67174080184,1.008,0.008,1.0,0.0
514,7.70497450833,516,6.69697450833,1.008,0.008,1.0,0.0
515,7.71790478657,517,6.70990478657,1.008,0.008,1.0,0.0
516,7.72590478657,518,6.7108799246,1.01502486197,0.008,1.0,0.00702486196954
517,7.73390478657,519,6.7223400311,1.01156475547,0.008,1.0,0.00356475546764
518,7.74288516419,520,6.73488516419,1.008,0.008,1.0,0.0
519,7.7564734196,521,6.7484734196,1.008,0.008,1.0,0.0
520,7.775301918,522,6.767301918,1.008,0.008,1.0,0.0
521,7.783301918,523,6.76778941724,1.01551250076,0.008,1.0,0.00751250076368
522,7.791301918,524,6.77444164643,1.01686027158,0.008,1.0,0.00886027157536
523,7.799301918,525,6.79083546329,1.00846645471,0.008,1.0,0.00046645471402
524,7.807301918,526,6.79869786289,1.00860405511,0.008,1.0,0.000604055110905
525,7.81987883521,527,6.81187883521,1.008,0.008,1.0,0.0
526,7.82828128221,528,6.82028128221,1.008,0.008,1.0,0.0
527,7.8416255258,529,6.8336255258,1.008,0.008,1.0,0.0
528,7.85974162133,530,6.85174162133,1.008,0.008,1.0,0.0
529,7.8707059209,531,6.8627059209,1.008,0.008,1.0,0.0
530,7.8787059209,532,6.86949727663,1.00920864427,0.008,1.0,0.00120864427016
531,7.89364743128,533,6.88564743128,1.008,0.008,1.0,0.0
532,7.90164743128,534,6.8868993207,1.01474811057,0.008,1.0,0.00674811057432
533,7.90964743128,535,6.90087387941,1.00877355187,0.008,1.0,0.000773551865281
534,7.94336212171,536,6.93536212171,1.008,0.008,1.0,0.0
535,7.95233284688,537,6.94433284688,1.008,0.008,1.0,0.0
536,7.96136004177,538,6.95336004177,1.008,0.008,1.0,0.0
537,7.96936004177,539,6.95950186122,1.00985818055,0.008,1.0,0.00185818054974
538,7.97736004177,540,6.95991483369,1.01744520808,0.008,1.0,0.00944520807669
539,7.99420284998,541,6.98620284998,1.008,0.008,1.0,0.0
540,8.00471474993,542,6.99671474993,1.008,0.008,1.0,0.0
541,8.02049500459,543,7.01249500459,1.008,0.008,1.0,0.0
542,8.02849500459,544,7.0128784934,1.01561651119,0.008,1.0,0.00761651119233
543,8.03649500459,545,7.01427399043,1.02222101417,0.008,1.0,0.0142210141661
544,8.04449500459,546,7.01606857993,1.02842642467,0.008,1.0,0.0204264246666
545,8.06012278306,547,7.05212278306,1.008,0.008,1.0,0.0
546,8.08646751195,548,7.07846751195,1.008,0.008,1.0,0.0
547,8.09446751195,549,7.08371865758,1.01074885437,0.008,1.0,0.00274885437351
548,8.12180991424,550,7.11380991424,1.008,0.008,1.0,0.0
549,8.12980991424,551,7.1201385593,1.00967135493,0.008,1.0,0.00167135493251
550,8.13974953626,552,7.13174953626,1.008,0.008,1.0,0.0
551,8.15629226467,553,7.14829226467,1.008,0.008,1.0,0.0
552,8.16429226467,554,7.15200465304,1.01228761163,0.008,1.0,0.00428761162982
553,8.17229226467,555,7.15393040773,1.01836185693,0.008,1.0,0.0103618569343
554,8.18029226467,556,7.16022369597,1.0200685687,0.008,1.0,0.0120685686996
555,8.18829226467,557,7.17010102033,1.01819124434,0.008,1.0,0.0101912443414
556,8.19629226467,558,7.17536558185,1.02092668282,0.008,1.0,0.0129266828162
557,8.20429226467,559,7.18270611049,1.02158615418,0.008,1.0,0.0135861541751
558,8.21229226467,560,7.20275607764,1.00953618703,0.008,1.0,0.00153618703031
559,8.22827625661,561,7.22027625661,1.008,0.008,1.0,0.0
560,8.25146867298,562,7.24346867298,1.008,0.008,1.0,0.0
561,8.27015371923,563,7.26215371923,1.008,0.008,1.0,0.0
562,8.28268578281,564,7.27468578281,1.008,0.008,1.0,0.0
563,8.29068578281,565,7.27527483081,1.015410952,0.008,1.0,0.00741095199559
564,8.31404349736,566,7.30604349736,1.008,0.008,1.0,0.0
565,8.32204349736,567,7.30677553351,1.01526796386,0.008,1.0,0.00726796385799
566,8.33004349736,568,7.32052487679,1.00951862057,0.008,1.0,0.00151862057292
567,8.35772776612,569,7.34972776612,1.008,0.008,1.0,0.0
568,8.36572776612,570,7.35102439184,1.01470337428,0.008,1.0,0.00670337428373
569,8.37372776612,571,7.35112810839,1.02259965773,0.008,1.0,0.01459965773
570,8.38172776612,572,7.35361031421,1.02811745191,0.008,1.0,0.020117451915
571,8.38972776612,573,7.36072360649,1.02900415963,0.008,1.0,0.0210041596346
572,8.39772776612,574,7.37073983743,1.02698792869,0.008,1.0,0.018987928691
573,8.40572776612,575,7.37162515842,1.0341026077,0.008,1.0,0.0261026077045
574,8.41372776612,576,7.38638788669,1.02733987943,0.008,1.0,0.0193398794318
575,8.42172776612,577,7.39676582883,1.0249619373,0.008,1.0,0.0169619372965
576,8.42972776612,578,7.39916481099,1.03056295513,0.008,1.0,0.0225629551328
577,8.43772776612,579,7.40615997396,1.03156779216,0.008,1.0,0.0235677921604
578,8.44572776612,580,7.41750102033,1.0282267458,0.008,1.0,0.0202267457998
579,8.45372776612,581,7.41805497445,1.03567279168,0.008,1.0,0.0276727916799
580,8.46172776612,582,7.42406303481,1.03766473132,0.008,1.0,0.0296647313199
581,8.46972776612,583,7.45087071984,1.01885704628,0.008,1.0,0.0108570462828
582,8.47772776612,584,7.45810771495,1.01962005117,0.008,1.0,0.0116200511718
583,8.49811812357,585,7.49011812357,1.008,0.008,1.0,0.0
584,8.50611812357,586,7.49365078594,1.01246733763,0.008,1.0,0.00446733762903
585,8.52722478148,587,7.51922478148,1.008,0.008,1.0,0.0
586,8.54534312873,588,7.53734312873,1.008,0.008,1.0,0.0
587,8.55862680806,589,7.55062680806,1.008,0.008,1.0,0.0
588,8.56662680806,590,7.5524544436,1.01417236447,0.008,1.0,0.00617236446813
589,8.57462680806,591,7.55467690577,1.01994990229,0.008,1.0,0.0119499022932
590,8.58262680806,592,7.5672280105,1.01539879757,0.008,1.0,0.00739879756663
591,8.59062680806,593,7.57251509994,1.01811170812,0.008,1.0,0.0101117081231
592,8.62442546092,594,7.61642546092,1.008,0.008,1.0,0.0
593,8.63242546092,595,7.6185223711,1.01390308982,0.008,1.0,0.00590308982301
594,8.66953018665,596,7.66153018665,1.008,0.008,1.0,0.0
595,8.73132117851,597,7.72332117851,1.008,0.008,1.0,0.0
596,8.75070226114,598,7.74270226114,1.008,0.008,1.0,0.0
597,8.75870226114,599,7.74753909183,1.0111631693,0.008,1.0,0.00316316930085
598,8.76670226114,600,7.75811883531,1.00858342582,0.008,1.0,0.000583425824138
599,8.77896932456,601,7.77096932456,1.008,0.008,1.0,0.0
600,8.78696932456,602,7.77128430213,1.01568502243,0.008,1.0,0.00768502243218
601,8.79496932456,603,7.78141389958,1.01355542498,0.008,1.0,0.0055554249815
602,8.80296932456,604,7.79329499556,1.009674329,0.008,1.0,0.00167432899615
603,8.81096932456,605,7.79847029381,1.01249903075,0.008,1.0,0.00449903075383
604,8.81896932456,606,7.8063697182,1.01259960636,0.008,1.0,0.00459960635795
605,8.82696932456,607,7.81063505761,1.01633426695,0.008,1.0,0.00833426694568
606,8.83496932456,608,7.82161941547,1.01334990909,0.008,1.0,0.00534990908743
607,8.86978248796,609,7.86178248796,1.008,0.008,1.0,0.0
608,8.87778248796,610,7.86516197418,1.01262051379,0.008,1.0,0.00462051378806
609,8.88578248796,611,7.86803224245,1.01775024552,0.008,1.0,0.00975024551828
610,8.89378248796,612,7.87287428363,1.02090820434,0.008,1.0,0.012908204336
611,8.90178248796,613,7.87679567258,1.02498681539,0.008,1.0,0.0169868153876
612,8.90978248796,614,7.88822560862,1.02155687935,0.008,1.0,0.0135568793475
613,8.91778248796,615,7.89273206584,1.02505042212,0.008,1.0,0.0170504221224
614,8.92578248796,616,7.89321058736,1.0325719006,0.008,1.0,0.0245719006045
615,8.93378248796,617,7.89572928126,1.0380532067,0.008,1.0,0.0300532067037
616,8.94178248796,618,7.91186400835,1.02991847961,0.008,1.0,0.0219184796119
617,8.94978248796,619,7.92060014206,1.0291823459,0.008,1.0,0.0211823458993
618,8.95778248796,620,7.94853051118,1.00925197679,0.008,1.0,0.00125197678819
619,8.96578248796,621,7.95155211508,1.01423037288,0.008,1.0,0.00623037288143
620,8.97378248796,622,7.95543840273,1.01834408523,0.008,1.0,0.0103440852342
621,8.98178248796,623,7.96180531283,1.01997717513,0.008,1.0,0.0119771751312
622,8.98978248796,624,7.97305308067,1.0167294073,0.008,1.0,0.00872940729526
623,8.99778248796,625,7.97557619025,1.02220629772,0.008,1.0,0.0142062977183
624,9.00578248796,626,7.98275963431,1.02302285365,0.008,1.0,0.0150228536536
625,9.01378248796,627,7.99933061739,1.01445187057,0.008,1.0,0.0064518705731
626,9.02178248796,628,8.00958717477,1.01219531319,0.008,1.0,0.00419531319114
627,9.02978248796,629,8.00964260111,1.02013988685,0.008,1.0,0.0121398868523
628,9.03778248796,630,8.01080479559,1.02697769238,0.008,1.0,0.0189776923767
629,9.04578248796,631,8.02049979185,1.02528269611,0.008,1.0,0.017282696113
630,9.05378248796,632,8.02855446666,1.0252280213,0.008,1.0,0.0172280213033
631,9.06178248796,633,8.03202232859,1.02976015938,0.008,1.0,0.0217601593756
632,9.06978248796,634,8.05684541465,1.01293707331,0.008,1.0,0.00493707331042
633,9.07778248796,635,8.0577331777,1.02004931027,0.008,1.0,0.012049310265
634,9.08578248796,636,8.06365453853,1.02212794944,0.008,1.0,0.0141279494366
635,9.10339194792,637,8.09539194792,1.008,0.008,1.0,0.0
636,9.11139194792,638,8.09879879479,1.01259315314,0.008,1.0,0.00459315313688
637,9.11939194792,639,8.10471853971,1.01467340822,0.008,1.0,0.00667340821601
638,9.14173924502,640,8.13373924502,1.008,0.008,1.0,0.0
639,9.15867535858,641,8.15067535858,1.008,0.008,1.0,0.0
640,9.16667535858,642,8.15517483081,1.01150052777,0.008,1.0,0.00350052776929
641,9.17467535858,643,8.16249165596,1.01218370262,0.008,1.0,0.00418370261589
642,9.18267535858,644,8.16664935567,1.01602600291,0.008,1.0,0.00802600290996
643,9.19067535858,645,8.1676007037,1.02307465488,0.008,1.0,0.0150746548823
644,9.19867535858,646,8.18569634848,1.0129790101,0.008,1.0,0.00497901009629
645,9.24372784844,647,8.23572784844,1.008,0.008,1.0,0.0
646,9.25172784844,648,8.23905813453,1.0126697139,0.008,1.0,0.0046697139036
647,9.27128390898,649,8.26328390898,1.008,0.008,1.0,0.0
648,9.28542634712,650,8.27742634712,1.008,0.008,1.0,0.0
649,9.31639966795,651,8.30839966795,1.008,0.008,1.0,0.0
650,9.33644132391,652,8.32844132391,1.008,0.008,1.0,0.0
651,9.3567404723,653,8.3487404723,1.008,0.008,1.0,0.0
652,9.41071213022,654,8.40271213022,1.008,0.008,1.0,0.0
653,9.41871213022,655,8.40641741393,1.01229471629,0.008,1.0,0.00429471629122
654,9.44236233987,656,8.43436233987,1.008,0.008,1.0,0.0
655,9.45036233987,657,8.43657473893,1.01378760094,0.008,1.0,0.00578760094473
656,9.46979150918,658,8.46179150918,1.008,0.008,1.0,0.0
657,9.47779150918,659,8.46698832951,1.01080317967,0.008,1.0,0.00280317966657
658,9.48579150918,660,8.46903562163,1.01675588755,0.008,1.0,0.00875588754784
659,9.51902762684,661,8.51102762684,1.008,0.008,1.0,0.0
660,9.53523478231,662,8.52723478231,1.008,0.008,1.0,0.0
661,9.54323478231,663,8.52911547868,1.01411930363,0.008,1.0,0.00611930362898
662,9.55669294748,664,8.54869294748,1.008,0.008,1.0,0.0
663,9.58132546331,665,8.57332546331,1.008,0.008,1.0,0.0
664,9.58932546331,666,8.57448596576,1.01483949755,0.008,1.0,0.00683949754905
665,9.60337655852,667,8.59537655852,1.008,0.008,1.0,0.0
666,9.61137655852,668,8.59799306742,1.0133834911,0.008,1.0,0.00538349110275
667,9.64956828569,669,8.64156828569,1.008,0.008,1.0,0.0
668,9.65756828569,670,8.64261085018,1.01495743551,0.008,1.0,0.00695743550888
669,9.66937520933,671,8.66137520933,1.008,0.008,1.0,0.0
670,9.67737520933,672,8.66754587806,1.00982933127,0.008,1.0,0.00182933126943
671,9.68804444722,673,8.68004444722,1.008,0.008,1.0,0.0
672,9.69604444722,674,8.68246816019,1.01357628703,0.008,1.0,0.00557628702739
673,9.70404444722,675,8.68832289464,1.01572155258,0.008,1.0,0.00772155257989
674,9.71204444722,676,8.69986447787,1.01217996935,0.008,1.0,0.00417996934846
675,9.72463593611,677,8.71663593611,1.008,0.008,1.0,0.0
676,9.73396984914,678,8.72596984914,1.008,0.008,1.0,0.0
677,9.74949499839,679,8.74149499839,1.008,0.008,1.0,0.0
678,9.75749499839,680,8.74590029928,1.01159469911,0.008,1.0,0.0035946991094
679,9.77471761799,681,8.76671761799,1.008,0.008,1.0,0.0
680,9.78271761799,682,8.77445601577,1.00826160223,0.008,1.0,0.000261602225125
681,9.79071761799,683,8.77635051669,1.0143671013,0.008,1.0,0.00636710130162
682,9.79871761799,684,8.78638274619,1.0123348718,0.008,1.0,0.00433487180163
683,9.80671761799,685,8.79756373851,1.00915387948,0.008,1.0,0.00115387948465
684,9.81471761799,686,8.80002824916,1.01468936883,0.008,1.0,0.00668936882772
685,9.84722651086,687,8.83922651086,1.008,0.008,1.0,0.0
686,9.85522651086,688,8.84063412131,1.01459238955,0.008,1.0,0.00659238954573
687,9.87704719953,689,8.86904719953,1.008,0.008,1.0,0.0
688,9.88504719953,690,8.87089245328,1.01415474626,0.008,1.0,0.00615474625512
689,9.89304719953,691,8.87673000978,1.01631718975,0.008,1.0,0.00831718975259
690,9.90104719953,692,8.87952111493,1.0215260846,0.008,1.0,0.0135260846011
691,9.90904719953,693,8.88081379272,1.02823340681,0.008,1.0,0.0202334068121
692,9.91704719953,694,8.88563826632,1.03140893322,0.008,1.0,0.0234089332151
693,9.92504719953,695,8.89339866729,1.03164853224,0.008,1.0,0.0236485322445
694,9.93304719953,696,8.89684780723,1.0361993923,0.008,1.0,0.0281993922998
695,9.94104719953,697,8.90346170395,1.03758549558,0.008,1.0,0.0295854955789
696,9.94904719953,698,8.92895788404,1.0200893155,0.008,1.0,0.0120893154971
697,9.99003683964,699,8.98203683964,1.008,0.008,1.0,0.0
698,10.0121309012,700,9.00413090116,1.008,0.008,1.0,0.0
699,10.0201309012,701,9.0071991278,1.01293177336,0.008,1.0,0.00493177335987
700,10.0281309012,702,9.00722275472,1.02090814644,0.008,1.0,0.0129081464368
701,10.0361309012,703,9.02040443946,1.01572646169,0.008,1.0,0.0077264616909
702,10.0597617501,704,9.05176175005,1.008,0.008,1.0,0.0
703,10.0677617501,705,9.05505189482,1.01270985524,0.008,1.0,0.00470985523578
704,10.0757617501,706,9.06495979991,1.01080195014,0.008,1.0,0.00280195014049
705,10.1003175013,707,9.09231750132,1.008,0.008,1.0,0.0
706,10.1192880552,708,9.11128805519,1.008,0.008,1.0,0.0
707,10.1272880552,709,9.11382638989,1.0134616653,0.008,1.0,0.00546166529978
708,10.1740783778,710,9.16607837785,1.008,0.008,1.0,0.0
709,10.1857896861,711,9.17778968612,1.008,0.008,1.0,0.0
710,10.1937896861,712,9.18387373178,1.00991595434,0.008,1.0,0.00191595433916
711,10.2017896861,713,9.1919195379,1.00987014822,0.008,1.0,0.00187014822027
712,10.2097896861,714,9.19352697443,1.01626271169,0.008,1.0,0.00826271169024
713,10.2177896861,715,9.20260982594,1.01517986019,0.008,1.0,0.00717986018527
714,10.2257896861,716,9.20396973176,1.02181995437,0.008,1.0,0.0138199543659
715,10.2337896861,717,9.20570943508,1.02808025104,0.008,1.0,0.0200802510409
716,10.2417896861,718,9.20881856281,1.03297112331,0.008,1.0,0.0249711233103
717,10.2497896861,719,9.2249405402,1.02484914592,0.008,1.0,0.0168491459173
718,10.2577896861,720,9.23889586006,1.01889382606,0.008,1.0,0.0108938260612
719,10.2657896861,721,9.250879931,1.01490975512,0.008,1.0,0.00690975512274
720,10.2737896861,722,9.25184921005,1.02194047607,0.008,1.0,0.0139404760673
721,10.3046313232,723,9.29663132323,1.008,0.008,1.0,0.0
722,10.3181709915,724,9.31017099152,1.008,0.008,1.0,0.0
723,10.3273558011,725,9.31935580114,1.008,0.008,1.0,0.0
724,10.3988621631,726,9.39086216315,1.008,0.008,1.0,0.0
725,10.4068621631,727,9.39605228136,1.01080988179,0.008,1.0,0.00280988178793
726,10.4231911188,728,9.41519111879,1.008,0.008,1.0,0.0
727,10.4311911188,729,9.4192821378,1.011908981,0.008,1.0,0.00390898099501
728,10.4391911188,730,9.42405942693,1.01513169186,0.008,1.0,0.00713169186117
729,10.4586773964,731,9.45067739643,1.008,0.008,1.0,0.0
730,10.4666773964,732,9.45206551878,1.01461187766,0.008,1.0,0.00661187765531
731,10.4746773964,733,9.4590308248,1.01564657164,0.008,1.0,0.00764657163677
732,10.4826773964,734,9.47388461516,1.00879278127,0.008,1.0,0.000792781269862
733,10.5172537064,735,9.50925370638,1.008,0.008,1.0,0.0
734,10.5252537064,736,9.51075807241,1.01449563397,0.008,1.0,0.00649563396565
735,10.5332537064,737,9.51129894009,1.02195476629,0.008,1.0,0.0139547662932
736,10.570505573,738,9.56250557297,1.008,0.008,1.0,0.0
737,10.578505573,739,9.56318853115,1.01531704181,0.008,1.0,0.00731704181478
738,10.586505573,740,9.56418275152,1.02232282145,0.008,1.0,0.0143228214485
739,10.6411059669,741,9.63310596692,1.008,0.008,1.0,0.0
740,10.6499133838,742,9.6419133838,1.008,0.008,1.0,0.0
741,10.6579133838,743,9.64946893507,1.00844444873,0.008,1.0,0.000444448727876
742,10.6659133838,744,9.65060530272,1.01530808108,0.008,1.0,0.00730808108141
743,10.6739133838,745,9.65076233514,1.02315104866,0.008,1.0,0.0151510486583
744,10.6914404619,746,9.68344046191,1.008,0.008,1.0,0.0
745,10.7073863452,747,9.69938634522,1.008,0.008,1.0,0.0
746,10.7292387383,748,9.72123873825,1.008,0.008,1.0,0.0
747,10.7372387383,749,9.72311599624,1.01412274202,0.008,1.0,0.00612274201805
748,10.7452387383,750,9.72745859415,1.0177801441,0.008,1.0,0.0097801441047
749,10.7532387383,751,9.74506333225,1.008175406,0.008,1.0,0.000175406004846
750,10.7828152944,752,9.77481529441,1.008,0.008,1.0,0.0
751,10.7908152944,753,9.77755984303,1.01325545138,0.008,1.0,0.00525545138445
752,10.8492605284,754,9.84126052836,1.008,0.008,1.0,0.0
753,10.8836099479,755,9.87560994788,1.008,0.008,1.0,0.0
754,10.9111617041,756,9.90316170414,1.008,0.008,1.0,0.0
755,10.9191617041,757,9.90772798383,1.01143372031,0.008,1.0,0.00343372030544
756,10.9271617041,758,9.90906398043,1.01809772371,0.008,1.0,0.0100977237096
757,10.9351617041,759,9.92126975456,1.01389194958,0.008,1.0,0.00589194958086
758,10.9534539651,760,9.94545396505,1.008,0.008,1.0,0.0
759,10.9725412966,761,9.96454129662,1.008,0.008,1.0,0.0
