Time,Congestion Window
0.208,2000
0.416,3000
0.424,4000
0.624,5000
0.632,6000
0.64,7000
0.648,8000
0.832,9000
0.84,10000
0.848,11000
0.856,12000
0.864,13000
0.872,14000
0.88,15000
1.056,1000
1.264,2000
1.472,3000
1.48,4000
1.68,5000
1.688,6000
1.696,7000
1.704,8000
1.888,8000
1.896,8000
1.904,8000
1.912,8000
1.92,8000
1.928,8000
1.936,8000
1.944,8000
2.056,1000
2.096,2000
2.104,3000
2.112,4000
2.12,5000
2.128,5000
2.136,5000
2.144,5000
2.152,5000
2.312,1000
2.36,2000
2.368,3000
2.376,3000
2.384,3000
2.392,3000
2.576,1000
2.6,2000
2.608,2000
2.616,2000
2.816,1000
2.824,2000
2.832,2000
2.944,1000
3.04,2000
3.048,2000
3.256,2000
3.264,3000
3.312,1000
3.464,2000
3.472,2000
3.48,2000
3.576,1000
3.68,1000
3.688,2000
3.696,2000
3.816,1000
3.832,1000
3.896,1000
3.904,2000
3.912,2000
4.104,1000
4.12,2000
4.128,2000
4.264,1000
4.336,2000
4.344,2000
4.52,1000
4.552,2000
4.56,2000
4.68,1000
4.768,2000
4.776,2000
4.784,1000
4.816,1000
4.896,1000
4.984,2000
4.992,2000
5.104,1000
5.104,1000
5.128,1000
5.2,2000
5.208,2000
5.336,1000
5.416,2000
5.424,2000
5.472,1000
5.56,1000
5.632,2000
5.64,2000
5.776,1000
5.784,1000
5.84,1000
5.848,2000
5.856,2000
5.888,1000
6.024,1000
6.048,1000
6.064,2000
6.072,2000
6.104,1000
6.104,1000
6.256,1000
6.28,2000
6.288,2000
6.336,1000
6.424,1000
6.464,1000
6.496,2000
6.504,2000
6.544,1000
6.672,1000
6.712,2000
6.72,2000
6.768,1000
6.776,1000
6.84,1000
6.856,1000
6.92,1000
6.928,2000
6.936,2000
6.992,1000
7.048,1000
7.048,1000
7.096,1000
7.104,1000
7.144,2000
7.152,2000
7.256,1000
7.264,1000
7.32,1000
7.336,1000
7.36,2000
7.368,2000
7.464,1000
7.504,1000
7.528,1000
7.576,2000
7.584,2000
7.672,1000
7.736,1000
7.752,1000
7.768,1000
7.776,1000
7.792,2000
7.8,2000
7.84,1000
7.92,1000
7.96,1000
7.984,1000
7.992,1000
8.008,2000
8.016,2000
8.048,1000
8.064,1000
8.096,1000
8.168,1000
8.2,1000
8.224,2000
8.232,2000
8.264,1000
8.304,1000
8.312,1000
8.32,1000
8.368,1000
8.44,2000
8.448,2000
8.472,1000
8.52,1000
8.528,1000
8.584,1000
8.656,2000
8.664,2000
8.736,1000
8.736,1000
8.736,1000
8.752,1000
8.768,1000
8.8,1000
8.872,2000
8.88,2000
8.88,1000
8.96,1000
8.96,1000
8.976,1000
8.984,1000
9.016,1000
9.048,1000
9.064,1000
9.088,2000
9.096,2000
9.168,1000
9.176,1000
9.192,1000
9.256,1000
9.304,2000
9.304,1000
9.304,1000
9.312,2000
9.312,1000
9.32,1000
9.4,1000
9.448,1000
9.52,2000
9.52,1000
9.52,1000
9.544,1000
9.552,2000
9.576,1000
9.608,1000
9.728,1000
9.736,2000
9.736,1000
9.736,1000
9.736,1000
9.752,1000
9.76,1000
9.776,2000
9.792,1000
9.88,1000
9.936,1000
9.952,1000
9.952,2000
9.96,1000
9.968,1000
9.976,1000
9.976,1000
10.008,1000
10.008,2000
10.016,1000
10.048,1000
10.104,1000
10.144,1000
10.176,1000
10.176,2000
10.184,1000
10.2,1000
10.224,1000
10.232,2000
10.304,1000
10.304,1000
10.312,1000
10.312,1000
10.312,1000
10.4,2000
10.4,1000
10.4,1000
10.432,1000
10.448,2000
10.52,1000
10.52,1000
10.528,1000
10.544,1000
10.568,1000
10.608,1000
10.616,2000
10.64,1000
10.664,2000
10.728,1000
10.736,1000
10.736,1000
10.736,1000
10.744,1000
10.752,1000
10.76,1000
10.784,1000
10.816,1000
10.832,2000
10.88,2000
10.936,1000
10.944,1000
10.952,1000
10.952,1000
10.96,1000
10.976,1000
10.976,1000
11.0,1000
11.008,1000
11.016,1000
11.048,2000
11.088,1000
11.088,2000
11.144,1000
11.16,1000
11.168,1000
11.184,1000
11.2,1000
11.216,1000
11.256,1000
11.264,2000
11.304,1000
11.304,1000
11.312,1000
11.312,1000
11.312,2000
11.376,1000
11.4,1000
11.4,1000
11.432,1000
11.48,2000
11.512,1000
11.52,1000
11.528,1000
11.528,1000
11.536,1000
11.544,1000
11.552,2000
11.608,1000
11.616,1000
11.64,1000
11.664,1000
11.696,2000
11.728,1000
11.736,1000
11.736,1000
11.736,1000
11.744,1000
11.744,1000
11.752,1000
11.776,1000
11.776,2000
11.784,1000
11.848,1000
11.912,2000
11.936,1000
11.944,1000
11.952,1000
11.952,1000
11.952,1000
11.96,1000
11.976,1000
11.976,1000
11.992,1000
12.0,1000
12.008,2000
12.008,1000
12.048,1000
12.088,1000
12.12,1000
12.128,2000
12.16,1000
12.16,1000
12.16,1000
12.176,1000
12.192,1000
12.208,1000
12.224,1000
12.232,2000
12.296,1000
12.296,1000
12.304,1000
12.304,1000
12.312,1000
12.344,2000
12.376,1000
12.384,1000
12.392,1000
12.4,1000
12.424,1000
12.448,2000
12.48,1000
12.512,1000
12.52,1000
12.52,1000
12.528,1000
12.528,1000
12.536,1000
12.56,2000
12.584,1000
12.6,1000
12.616,1000
12.64,1000
12.64,1000
12.664,2000
12.72,1000
12.728,1000
12.728,1000
12.736,1000
12.736,1000
12.736,1000
12.744,1000
12.744,1000
12.768,1000
12.776,1000
12.776,2000
12.824,1000
12.848,1000
12.88,2000
12.912,1000
12.936,1000
12.944,1000
12.944,1000
12.952,1000
12.952,1000
12.952,1000
12.968,1000
12.976,1000
12.992,1000
13.0,1000
13.008,1000
13.016,1000
13.016,2000
13.056,1000
13.088,1000
13.096,2000
13.12,1000
13.152,1000
13.16,1000
13.16,1000
13.16,1000
13.176,1000
13.192,1000
13.208,1000
13.224,1000
13.248,2000
13.256,1000
13.296,1000
13.296,1000
13.304,1000
13.304,1000
13.304,1000
13.312,2000
13.368,1000
13.376,1000
13.384,1000
13.392,1000
13.392,1000
13.416,1000
13.448,1000
13.464,2000
13.504,1000
13.512,1000
13.512,1000
13.52,1000
13.52,1000
13.528,1000
13.528,1000
13.552,2000
13.56,1000
13.592,1000
13.6,1000
13.608,1000
13.632,1000
13.64,1000
13.68,2000
13.688,1000
13.72,1000
13.728,1000
13.728,1000
13.728,1000
13.736,1000
13.736,1000
13.736,1000
13.744,1000
13.76,1000
13.768,1000
13.776,2000
13.808,1000
13.824,1000
13.848,1000
13.88,1000
13.896,2000
13.928,1000
13.936,1000
13.936,1000
13.944,1000
13.944,1000
13.952,1000
13.952,1000
13.96,1000
13.968,1000
13.984,1000
13.992,1000
14.0,1000
14.008,1000
14.016,2000
14.032,1000
14.056,1000
14.088,1000
14.096,1000
14.112,2000
14.152,1000
14.152,1000
14.152,1000
14.16,1000
14.16,1000
14.168,1000
14.184,1000
14.2,1000
14.216,1000
14.248,1000
14.248,2000
14.264,1000
14.296,1000
14.296,1000
14.296,1000
14.304,1000
14.304,1000
14.328,2000
14.368,1000
14.368,1000
14.376,1000
14.376,1000
14.384,1000
14.392,1000
14.416,1000
14.432,1000
14.472,1000
14.472,2000
14.504,1000
14.512,1000
14.512,1000
14.512,1000
14.52,1000
14.52,1000
14.528,1000
14.552,1000
14.552,2000
14.592,1000
14.592,1000
14.6,1000
14.608,1000
14.624,1000
14.632,1000
14.68,1000
14.696,2000
14.712,1000
14.72,1000
14.728,1000
14.728,1000
14.728,1000
14.728,1000
14.736,1000
14.736,1000
14.736,1000
14.752,1000
14.768,1000
14.784,2000
14.808,1000
14.816,1000
14.816,1000
14.84,1000
14.848,1000
14.904,1000
14.912,2000
14.928,1000
14.936,1000
14.936,1000
14.936,1000
14.944,1000
14.944,1000
14.952,1000
14.952,1000
14.96,1000
14.976,1000
14.984,1000
14.992,1000
15.0,1000
15.016,2000
15.024,1000
15.04,1000
15.056,1000
15.056,1000
15.088,1000
15.128,2000
15.144,1000
15.152,1000
15.152,1000
15.152,1000
15.152,1000
15.16,1000
15.16,1000
15.176,1000
15.192,1000
15.208,1000
15.24,1000
15.248,2000
15.264,1000
15.264,1000
15.272,1000
15.296,1000
15.296,1000
15.296,1000
15.304,1000
15.344,2000
15.36,1000
15.368,1000
15.368,1000
15.368,1000
15.376,1000
15.376,1000
15.384,1000
15.408,1000
15.424,1000
15.464,1000
15.464,2000
15.48,1000
15.488,1000
15.504,1000
15.512,1000
15.512,1000
15.512,1000
15.52,1000
15.52,1000
15.544,1000
15.56,2000
15.584,1000
15.584,1000
15.592,1000
15.592,1000
15.6,1000
15.624,1000
15.624,1000
15.64,1000
15.688,2000
15.696,1000
15.712,1000
15.712,1000
15.72,1000
15.728,1000
15.728,1000
15.728,1000
15.728,1000
15.736,1000
15.736,1000
15.744,1000
15.76,1000
15.776,2000
15.808,1000
15.808,1000
15.816,1000
15.816,1000
15.832,1000
15.84,1000
15.888,1000
15.904,2000
15.92,1000
15.928,1000
15.928,1000
15.936,1000
15.936,1000
15.936,1000
15.944,1000
15.944,1000
15.952,1000
15.952,1000
15.968,1000
15.976,1000
15.984,1000
15.992,1000
16.016,1000
16.016,2000
16.04,1000
16.04,1000
16.048,1000
16.056,1000
16.056,1000
16.12,2000
16.136,1000
16.144,1000
16.144,1000
16.152,1000
16.152,1000
16.152,1000
16.152,1000
16.16,1000
16.168,1000
16.184,1000
16.2,1000
16.232,1000
16.256,2000
16.264,1000
16.264,1000
16.272,1000
16.28,1000
16.28,1000
16.296,1000
16.296,1000
16.296,1000
16.336,2000
16.352,1000
16.36,1000
16.36,1000
16.368,1000
16.368,1000
16.368,1000
16.376,1000
16.376,1000
16.4,1000
16.416,1000
16.456,1000
16.472,2000
16.472,1000
16.488,1000
16.488,1000
16.496,1000
16.504,1000
16.512,1000
16.512,1000
16.512,1000
16.52,1000
16.528,1000
16.552,2000
16.576,1000
16.576,1000
16.584,1000
16.584,1000
16.592,1000
16.592,1000
16.616,1000
16.624,1000
16.632,1000
16.688,1000
16.688,2000
16.704,1000
16.712,1000
16.712,1000
16.712,1000
16.72,1000
16.728,1000
16.728,1000
16.728,1000
16.728,1000
16.736,1000
16.736,1000
16.752,1000
16.784,2000
16.8,1000
16.808,1000
16.808,1000
16.808,1000
16.816,1000
16.832,1000
16.84,1000
16.848,1000
16.912,1000
16.912,2000
16.92,1000
16.928,1000
16.928,1000
16.936,1000
16.936,1000
16.936,1000
16.936,1000
16.944,1000
16.944,1000
16.952,1000
16.96,1000
16.968,1000
16.976,1000
16.984,1000
17.008,1000
17.024,2000
17.032,1000
17.04,1000
17.048,1000
17.048,1000
17.056,1000
17.056,1000
17.128,1000
17.136,2000
17.136,1000
17.144,1000
17.144,1000
17.152,1000
17.152,1000
17.152,1000
17.152,1000
17.16,1000
17.16,1000
17.176,1000
17.192,1000
17.224,1000
17.256,1000
17.264,1000
17.264,1000
17.272,2000
17.272,1000
17.28,1000
17.296,1000
17.296,1000
17.296,1000
17.296,1000
17.344,1000
17.352,1000
17.352,2000
17.36,1000
17.36,1000
17.368,1000
17.368,1000
17.368,1000
17.376,1000
17.376,1000
17.392,1000
17.408,1000
17.44,1000
17.472,1000
17.488,1000
17.488,1000
17.496,1000
17.496,2000
17.504,1000
17.512,1000
17.512,1000
17.512,1000
17.52,1000
17.52,1000
17.528,1000
17.568,1000
17.576,1000
17.576,1000
17.576,2000
17.584,1000
17.584,1000
17.592,1000
17.6,1000
17.608,1000
17.616,1000
17.624,1000
17.68,1000
17.696,1000
17.712,1000
17.712,1000
17.712,1000
17.72,1000
17.728,1000
17.728,2000
17.728,1000
17.728,1000
17.728,1000
17.736,1000
17.736,1000
17.752,1000
17.752,1000
17.8,1000
17.808,1000
17.808,1000
17.808,1000
17.816,1000
17.824,2000
17.832,1000
17.84,1000
17.848,1000
17.848,1000
17.904,1000
17.92,1000
17.928,1000
17.928,1000
17.936,1000
17.936,1000
17.936,1000
17.936,1000
17.944,1000
17.944,1000
17.952,1000
17.96,1000
17.968,1000
17.968,2000
17.976,1000
17.984,1000
17.992,1000
18.008,1000
18.032,1000
18.04,1000
18.048,1000
18.048,1000
18.056,1000
18.056,1000
18.08,2000
18.104,1000
18.128,1000
18.136,1000
18.144,1000
18.144,1000
18.152,1000
18.152,1000
18.152,1000
18.152,1000
18.16,1000
18.16,1000
18.176,1000
18.192,1000
18.224,1000
18.232,2000
18.256,1000
18.256,1000
18.264,1000
18.264,1000
18.272,1000
18.28,1000
18.296,1000
18.296,1000
18.296,1000
18.296,1000
18.328,2000
18.336,1000
18.344,1000
18.352,1000
18.352,1000
18.36,1000
18.36,1000
18.368,1000
18.368,1000
18.368,1000
18.376,1000
18.384,1000
18.4,1000
18.432,1000
18.456,2000
18.464,1000
18.48,1000
18.48,1000
18.488,1000
18.488,1000
18.496,1000
18.504,1000
18.512,1000
18.512,1000
18.512,1000
18.52,1000
18.52,1000
18.552,2000
18.56,1000
18.568,1000
18.576,1000
18.576,1000
18.576,1000
18.584,1000
18.584,1000
18.6,1000
18.6,1000
18.608,1000
18.616,1000
18.656,1000
18.672,2000
18.68,1000
18.696,1000
18.704,1000
18.712,1000
18.712,1000
18.712,1000
18.72,1000
18.728,1000
18.728,1000
18.728,1000
18.728,1000
18.736,1000
18.744,1000
18.752,1000
18.784,2000
18.792,1000
18.8,1000
18.808,1000
18.808,1000
18.808,1000
18.808,1000
18.824,1000
18.832,1000
18.84,1000
18.848,1000
18.888,1000
18.896,2000
18.904,1000
18.92,1000
18.92,1000
18.928,1000
18.928,1000
18.936,1000
18.936,1000
18.936,1000
18.936,1000
18.944,1000
18.944,1000
18.952,1000
18.96,1000
18.968,1000
18.976,1000
18.992,1000
19.0,1000
19.024,2000
19.024,1000
19.032,1000
19.04,1000
19.048,1000
19.048,1000
19.048,1000
19.056,1000
19.104,1000
19.12,1000
19.128,2000
19.128,1000
19.136,1000
19.144,1000
19.144,1000
19.152,1000
19.152,1000
19.152,1000
19.152,1000
19.152,1000
19.16,1000
19.168,1000
19.184,1000
19.216,1000
19.248,1000
19.256,1000
19.256,1000
19.264,1000
19.264,1000
19.272,1000
19.28,2000
19.288,1000
19.296,1000
19.296,1000
19.296,1000
19.304,1000
19.336,1000
19.344,1000
19.352,1000
19.352,1000
19.36,1000
19.36,1000
19.368,2000
19.368,1000
19.368,1000
19.368,1000
19.376,1000
19.384,1000
19.392,1000
19.4,1000
19.432,1000
19.464,1000
19.48,1000
19.48,1000
19.488,1000
19.488,1000
19.496,1000
19.504,1000
19.512,1000
19.512,1000
19.512,1000
19.52,1000
19.52,1000
19.536,2000
19.56,1000
19.56,1000
19.568,1000
19.576,1000
19.576,1000
19.576,1000
19.584,1000
19.584,1000
19.6,1000
19.6,1000
19.608,1000
19.616,1000
19.64,2000
19.656,1000
19.664,1000
19.68,1000
19.696,1000
19.704,1000
19.712,1000
19.712,1000
19.712,1000
19.72,1000
19.728,1000
19.728,1000
19.728,1000
19.728,1000
19.736,1000
19.744,1000
19.752,1000
19.792,1000
19.8,1000
19.808,1000
19.808,1000
19.808,1000
19.808,1000
19.816,2000
19.824,1000
19.832,1000
19.84,1000
19.84,1000
19.848,1000
19.888,1000
19.904,1000
19.92,1000
19.92,1000
19.928,2000
19.928,1000
19.928,1000
19.936,1000
19.936,1000
19.936,1000
19.936,1000
19.944,1000
19.944,1000
19.952,1000
19.952,1000
19.96,1000
19.968,1000
19.976,1000
19.992,1000
20.0,1000
20.024,1000
20.032,1000
20.04,1000
20.048,1000
20.048,1000
20.048,1000
20.056,1000
20.104,1000
20.12,2000
20.12,1000
20.128,1000
20.136,1000
20.144,1000
20.144,1000
20.144,1000
20.152,1000
20.152,1000
20.152,1000
20.152,1000
20.152,1000
20.16,1000
20.168,1000
20.184,1000
20.208,2000
20.216,1000
20.232,1000
20.248,1000
20.256,1000
20.256,1000
20.264,1000
20.264,1000
20.272,1000
20.288,1000
20.296,1000
20.296,1000
20.296,1000
20.304,1000
20.336,1000
20.344,1000
20.352,1000
20.352,1000
20.36,1000
20.36,1000
20.368,1000
20.368,1000
20.368,1000
20.376,1000
20.384,1000
20.392,1000
20.4,1000
20.408,2000
20.432,1000
20.432,1000
20.464,1000
20.48,1000
20.48,1000
20.488,1000
20.488,1000
20.496,1000
20.504,1000
20.512,1000
20.512,1000
20.512,1000
20.52,1000
20.52,1000
20.536,2000
20.56,1000
20.56,1000
20.56,1000
20.568,1000
20.576,1000
20.576,1000
20.576,1000
20.584,1000
20.584,1000
20.6,1000
20.6,1000
20.608,1000
20.616,1000
20.656,1000
20.664,1000
20.68,1000
20.696,1000
20.704,1000
20.712,1000
20.712,1000
20.712,1000
20.72,1000
20.728,1000
20.728,1000
20.728,1000
20.728,1000
20.736,1000
20.744,1000
20.752,1000
20.76,2000
20.784,1000
20.792,1000
20.8,1000
20.808,1000
20.808,1000
20.808,1000
20.808,1000
20.824,1000
20.832,1000
20.84,1000
20.84,1000
20.848,1000
20.888,2000
20.888,1000
20.904,1000
20.912,1000
20.92,1000
20.92,1000
20.928,1000
20.928,1000
20.936,1000
20.936,1000
20.936,1000
20.936,1000
20.944,1000
20.944,1000
20.952,1000
20.952,1000
20.96,1000
20.968,1000
20.976,1000
20.992,1000
21.0,1000
21.024,1000
21.032,1000
21.04,1000
21.048,1000
21.048,1000
21.048,1000
21.056,1000
21.104,1000
21.12,1000
21.128,1000
21.136,2000
21.136,1000
21.144,1000
21.144,1000
21.144,1000
21.152,1000
21.152,1000
21.152,1000
21.152,1000
21.152,1000
21.16,1000
21.16,1000
21.168,1000
21.184,1000
21.216,1000
21.232,1000
21.248,2000
21.248,1000
21.256,1000
21.256,1000
21.264,1000
21.264,1000
21.272,1000
21.272,1000
21.288,1000
21.296,1000
21.296,1000
21.296,1000
21.304,1000
21.336,1000
21.344,1000
21.352,1000
21.352,1000
21.36,1000
21.36,1000
21.368,1000
21.368,1000
21.368,1000
21.376,1000
21.384,1000
21.392,1000
21.4,1000
21.432,1000
21.432,1000
21.464,1000
21.48,1000
21.48,1000
21.488,1000
21.488,1000
21.496,1000
21.504,2000
21.504,1000
21.512,1000
21.512,1000
21.512,1000
21.52,1000
21.52,1000
21.528,1000
21.56,1000
21.56,1000
21.56,1000
21.568,1000
21.576,1000
21.576,1000
21.576,1000
21.584,1000
21.584,1000
21.6,1000
21.6,1000
21.608,1000
21.616,1000
21.64,2000
21.656,1000
21.664,1000
21.664,1000
21.68,1000
21.696,1000
21.704,1000
21.712,1000
21.712,1000
21.712,1000
21.72,1000
21.728,1000
21.728,1000
21.728,1000
21.728,1000
21.736,1000
21.744,1000
21.752,1000
21.784,1000
21.792,1000
21.8,1000
21.808,1000
21.808,1000
21.808,1000
21.808,1000
21.824,1000
21.832,1000
21.84,1000
21.84,1000
21.848,1000
21.888,1000
21.904,1000
21.912,1000
21.92,2000
21.92,1000
21.92,1000
21.928,1000
21.928,1000
21.936,1000
21.936,1000
21.936,1000
21.936,1000
21.944,1000
21.944,1000
21.944,1000
21.952,1000
21.952,1000
21.96,1000
21.968,1000
21.976,1000
21.992,1000
22.0,1000
22.024,1000
22.032,1000
22.04,1000
22.048,1000
22.048,1000
22.048,1000
22.056,1000
22.096,2000
22.104,1000
22.12,1000
22.12,1000
22.128,1000
22.136,1000
22.144,1000
22.144,1000
22.144,1000
22.152,1000
22.152,1000
22.152,1000
22.152,1000
22.152,1000
22.16,1000
22.16,1000
22.168,1000
22.184,1000
22.216,1000
22.232,1000
22.248,1000
22.256,1000
22.256,1000
22.264,1000
22.264,1000
22.272,1000
22.272,1000
22.288,1000
22.296,1000
22.296,1000
22.296,1000
22.304,1000
22.336,1000
22.344,1000
22.352,1000
22.352,1000
22.36,1000
22.36,1000
22.368,2000
22.368,1000
22.368,1000
22.368,1000
22.376,1000
22.384,1000
22.392,1000
22.392,1000
22.4,1000
22.432,1000
22.432,1000
22.464,1000
22.48,1000
22.48,1000
22.488,1000
22.488,1000
22.496,1000
22.504,1000
22.512,1000
22.512,1000
22.512,1000
22.52,1000
22.52,1000
22.528,1000
22.56,1000
22.56,1000
22.56,1000
22.568,1000
22.576,1000
22.576,1000
22.576,1000
22.584,2000
22.584,1000
22.584,1000
22.6,1000
22.6,1000
22.608,1000
22.608,1000
22.616,1000
22.656,1000
22.664,1000
22.664,1000
22.68,1000
22.696,1000
22.704,1000
22.712,1000
22.712,1000
22.712,1000
22.72,1000
22.728,1000
22.728,1000
22.728,1000
22.728,1000
22.736,1000
22.744,1000
22.752,1000
22.784,1000
22.792,1000
22.8,1000
22.808,1000
22.808,1000
22.808,1000
22.808,1000
22.824,1000
22.832,1000
22.84,1000
22.84,1000
22.848,1000
22.888,1000
22.896,2000
22.904,1000
22.912,1000
22.92,1000
22.92,1000
22.92,1000
22.928,1000
22.928,1000
22.936,1000
22.936,1000
22.936,1000
22.936,1000
22.944,1000
22.944,1000
22.944,1000
22.952,1000
22.952,1000
22.96,1000
22.968,1000
22.976,1000
22.992,1000
23.0,1000
23.024,1000
23.032,1000
23.04,1000
23.048,1000
23.048,1000
23.048,1000
23.056,1000
23.104,1000
23.12,1000
23.12,1000
23.128,1000
23.136,1000
23.144,1000
23.144,1000
23.144,1000
23.152,2000
23.152,1000
23.152,1000
23.152,1000
23.152,1000
23.152,1000
23.16,1000
23.16,1000
23.168,1000
23.176,1000
23.184,1000
23.216,1000
23.232,1000
23.248,1000
23.256,1000
23.256,1000
23.264,1000
23.264,1000
23.272,1000
23.272,1000
23.288,1000
23.296,1000
23.296,1000
23.296,1000
23.304,1000
23.336,1000
23.344,1000
23.352,1000
23.352,1000
23.36,1000
23.36,1000
23.368,1000
23.368,1000
23.368,1000
23.376,1000
23.384,1000
23.392,1000
23.392,1000
23.4,1000
23.432,1000
23.432,1000
23.464,2000
23.464,1000
23.48,1000
23.48,1000
23.488,1000
23.488,1000
23.488,1000
23.496,1000
23.504,1000
23.512,1000
23.512,1000
23.512,1000
23.52,1000
23.52,1000
23.528,1000
23.56,1000
23.56,1000
23.56,1000
23.568,1000
23.576,1000
23.576,1000
23.576,1000
23.584,1000
23.584,1000
23.6,1000
23.6,1000
23.608,1000
23.608,1000
23.616,1000
23.656,1000
23.664,1000
23.664,1000
23.68,1000
23.696,1000
23.704,1000
23.712,1000
23.712,1000
23.712,1000
23.72,1000
23.728,1000
23.728,1000
23.728,1000
23.728,1000
23.736,1000
23.744,1000
23.752,1000
23.768,2000
23.784,1000
23.792,1000
23.792,1000
23.8,1000
23.808,1000
23.808,1000
23.808,1000
23.808,1000
23.824,1000
23.832,1000
23.84,1000
23.84,1000
23.848,1000
23.888,1000
23.904,1000
23.912,1000
23.92,1000
23.92,1000
23.92,1000
23.928,1000
23.928,1000
23.936,1000
23.936,1000
23.936,1000
23.936,1000
23.944,1000
23.944,1000
23.944,1000
23.952,1000
23.952,1000
23.96,1000
23.968,1000
23.976,1000
23.992,1000
24.0,1000
24.024,1000
24.032,1000
24.04,1000
24.048,1000
24.048,1000
24.048,1000
24.056,1000
24.104,2000
24.104,1000
24.12,1000
24.12,1000
24.128,1000
24.128,1000
24.136,1000
24.144,1000
24.144,1000
24.144,1000
24.152,1000
24.152,1000
24.152,1000
24.152,1000
24.152,1000
24.16,1000
24.16,1000
24.168,1000
24.176,1000
24.184,1000
24.216,1000
24.232,1000
24.248,1000
24.256,1000
24.256,1000
24.264,1000
24.264,1000
24.272,1000
24.272,1000
24.288,1000
24.296,1000
24.296,1000
24.296,1000
24.304,1000
24.336,1000
24.344,1000
24.352,1000
24.352,1000
24.36,1000
24.36,1000
24.368,1000
24.368,1000
24.368,1000
24.376,1000
24.384,1000
24.392,1000
24.392,1000
24.4,1000
24.432,1000
24.432,1000
24.464,1000
24.48,2000
24.48,1000
24.48,1000
24.488,1000
24.488,1000
24.488,1000
24.496,1000
24.504,1000
24.504,1000
24.512,1000
24.512,1000
24.512,1000
24.52,1000
24.52,1000
24.528,1000
24.56,1000
24.56,1000
24.56,1000
24.568,1000
24.576,1000
24.576,1000
24.576,1000
24.584,1000
24.584,1000
24.6,1000
24.6,1000
24.608,1000
24.608,1000
24.616,1000
24.656,1000
24.664,1000
24.664,1000
24.68,1000
24.696,1000
24.704,1000
24.712,1000
24.712,1000
24.712,1000
24.72,1000
24.728,1000
24.728,1000
24.728,1000
24.728,1000
24.736,1000
24.744,1000
24.752,1000
24.784,1000
24.792,1000
24.792,1000
24.8,1000
24.808,1000
24.808,1000
24.808,1000
24.808,1000
24.824,1000
24.832,2000
24.832,1000
24.84,1000
24.84,1000
24.848,1000
24.856,1000
24.888,1000
24.904,1000
24.912,1000
24.92,1000
24.92,1000
24.92,1000
24.928,1000
24.928,1000
24.936,1000
24.936,1000
24.936,1000
24.936,1000
24.944,1000
24.944,1000
24.944,1000
24.952,1000
24.952,1000
24.96,1000
24.968,1000
24.976,1000
24.992,1000
25.0,1000
25.024,1000
25.032,1000
25.04,1000
25.048,1000
25.048,1000
25.048,1000
25.056,1000
25.104,1000
25.12,1000
25.12,1000
25.128,1000
25.128,1000
25.136,1000
25.144,1000
25.144,1000
25.144,1000
25.152,1000
25.152,1000
25.152,1000
25.152,1000
25.152,1000
25.16,1000
25.16,1000
25.168,1000
25.176,1000
25.184,1000
25.216,1000
25.232,1000
25.248,2000
25.248,1000
25.256,1000
25.256,1000
25.264,1000
25.264,1000
25.272,1000
25.272,1000
25.272,1000
25.288,1000
25.296,1000
25.296,1000
25.296,1000
25.304,1000
25.336,1000
25.344,1000
25.352,1000
25.352,1000
25.36,1000
25.36,1000
25.368,1000
25.368,1000
25.368,1000
25.376,1000
25.384,1000
25.392,1000
25.392,1000
25.4,1000
25.432,1000
25.432,1000
25.464,1000
25.48,1000
25.48,1000
25.488,1000
25.488,1000
25.488,1000
25.496,1000
25.504,1000
25.504,1000
25.512,1000
25.512,1000
25.512,1000
25.52,1000
25.52,1000
25.528,1000
25.56,1000
25.56,1000
25.56,1000
25.568,1000
25.576,1000
25.576,1000
25.576,1000
25.584,1000
25.584,1000
25.6,1000
25.6,1000
25.608,1000
25.608,1000
25.616,1000
25.656,1000
25.664,1000
25.664,1000
25.68,1000
25.696,2000
25.696,1000
25.704,1000
25.712,1000
25.712,1000
25.712,1000
25.72,1000
25.72,1000
25.728,1000
25.728,1000
25.728,1000
25.728,1000
25.736,1000
25.744,1000
25.752,1000
25.784,1000
25.792,1000
25.792,1000
25.8,1000
25.808,1000
25.808,1000
25.808,1000
25.808,1000
25.824,1000
25.832,1000
25.84,1000
25.84,1000
25.848,1000
25.856,1000
25.888,1000
25.904,1000
25.912,1000
25.92,1000
25.92,1000
25.92,1000
25.928,1000
25.928,1000
25.936,1000
25.936,1000
25.936,1000
25.936,1000
25.944,1000
25.944,1000
25.944,1000
25.952,1000
25.952,1000
25.96,1000
25.968,1000
25.976,1000
25.992,1000
26.0,1000
26.024,1000
26.032,1000
26.04,1000
26.048,1000
26.048,1000
26.048,1000
26.056,1000
26.104,1000
26.12,1000
26.12,1000
26.128,1000
26.128,1000
26.136,1000
26.144,1000
26.144,1000
26.144,1000
26.152,2000
26.152,1000
26.152,1000
26.152,1000
26.152,1000
26.152,1000
26.16,1000
26.16,1000
26.168,1000
26.176,1000
26.176,1000
26.184,1000
26.216,1000
26.232,1000
26.248,1000
26.256,1000
26.256,1000
26.264,1000
26.264,1000
26.272,1000
26.272,1000
26.272,1000
26.288,1000
26.296,1000
26.296,1000
26.296,1000
26.304,1000
26.336,1000
26.344,1000
26.352,1000
26.352,1000
26.36,1000
26.36,1000
26.368,1000
26.368,1000
26.368,1000
26.376,1000
26.384,1000
26.392,1000
26.392,1000
26.4,1000
26.432,1000
26.432,1000
26.464,1000
26.48,1000
26.48,1000
26.488,1000
26.488,1000
26.488,1000
26.496,1000
26.504,1000
26.504,1000
26.512,1000
26.512,1000
26.512,1000
26.52,1000
26.52,1000
26.528,1000
26.56,1000
26.56,1000
26.56,1000
26.568,1000
26.576,1000
26.576,1000
26.576,1000
26.584,1000
26.584,1000
26.6,1000
26.6,1000
26.608,1000
26.608,1000
26.616,1000
26.656,1000
26.664,2000
26.664,1000
26.664,1000
26.68,1000
26.688,1000
26.696,1000
26.704,1000
26.712,1000
26.712,1000
26.712,1000
26.72,1000
26.72,1000
26.728,1000
26.728,1000
26.728,1000
26.728,1000
26.736,1000
26.744,1000
26.752,1000
26.784,1000
26.792,1000
26.792,1000
26.8,1000
26.808,1000
26.808,1000
26.808,1000
26.808,1000
26.824,1000
26.832,1000
26.84,1000
26.84,1000
26.848,1000
26.856,1000
26.888,1000
26.904,1000
26.912,1000
26.92,1000
26.92,1000
26.92,1000
26.928,1000
26.928,1000
26.936,1000
26.936,1000
26.936,1000
26.936,1000
26.944,1000
26.944,1000
26.944,1000
26.952,1000
26.952,1000
26.96,1000
26.968,1000
26.976,1000
26.992,1000
27.0,1000
27.024,1000
27.032,1000
27.04,1000
27.048,1000
27.048,1000
27.048,1000
27.056,1000
27.104,1000
27.12,1000
27.12,1000
27.128,1000
27.128,1000
27.136,1000
27.144,1000
27.144,1000
27.144,1000
27.152,1000
27.152,1000
27.152,1000
27.152,1000
27.152,1000
27.16,1000
27.16,1000
27.168,1000
27.176,1000
27.176,1000
27.184,1000
27.208,2000
27.216,1000
27.232,1000
27.232,1000
27.248,1000
27.256,1000
27.256,1000
27.264,1000
27.264,1000
27.272,1000
27.272,1000
27.272,1000
27.288,1000
27.296,1000
27.296,1000
27.296,1000
27.304,1000
27.336,1000
27.344,1000
27.352,1000
27.352,1000
27.36,1000
27.36,1000
27.368,1000
27.368,1000
27.368,1000
27.376,1000
27.384,1000
27.392,1000
27.392,1000
27.4,1000
27.432,1000
27.432,1000
27.464,1000
27.48,1000
27.48,1000
27.488,1000
27.488,1000
27.488,1000
27.496,1000
27.504,1000
27.504,1000
27.512,1000
27.512,1000
27.512,1000
27.52,1000
27.52,1000
27.528,1000
27.56,1000
27.56,1000
27.56,1000
27.568,1000
27.576,1000
27.576,1000
27.576,1000
27.584,1000
27.584,1000
27.6,1000
27.6,1000
27.608,1000
27.608,1000
27.616,1000
27.656,1000
27.664,1000
27.664,1000
27.68,1000
27.688,1000
27.696,1000
27.704,1000
27.712,1000
27.712,1000
27.712,1000
27.72,1000
27.72,1000
27.728,1000
27.728,1000
27.728,1000
27.728,1000
27.736,1000
27.744,1000
27.752,1000
27.784,1000
27.792,1000
27.792,1000
27.8,2000
27.8,1000
27.808,1000
27.808,1000
27.808,1000
27.808,1000
27.824,1000
27.824,1000
27.832,1000
27.84,1000
27.84,1000
27.848,1000
27.856,1000
27.888,1000
27.904,1000
27.912,1000
27.92,1000
27.92,1000
27.92,1000
27.928,1000
27.928,1000
27.936,1000
27.936,1000
27.936,1000
27.936,1000
27.944,1000
27.944,1000
27.944,1000
27.952,1000
27.952,1000
27.96,1000
27.968,1000
27.976,1000
27.992,1000
28.0,1000
28.024,1000
28.032,1000
28.04,1000
28.048,1000
28.048,1000
28.048,1000
28.056,1000
28.104,1000
28.12,1000
28.12,1000
28.128,1000
28.128,1000
28.136,1000
28.144,1000
28.144,1000
28.144,1000
28.152,1000
28.152,1000
28.152,1000
28.152,1000
28.152,1000
28.16,1000
28.16,1000
28.168,1000
28.176,1000
28.176,1000
28.184,1000
28.216,1000
28.232,1000
28.232,1000
28.248,1000
28.256,1000
28.256,1000
28.264,1000
28.264,1000
28.272,1000
28.272,1000
28.272,1000
28.288,1000
28.296,1000
28.296,1000
28.296,1000
28.304,1000
28.336,1000
28.344,1000
28.352,1000
28.352,1000
28.36,1000
28.36,1000
28.368,1000
28.368,1000
28.368,1000
28.376,1000
28.384,1000
28.392,1000
28.392,1000
28.4,1000
28.432,1000
28.432,1000
28.464,2000
28.464,1000
28.48,1000
28.48,1000
28.488,1000
28.488,1000
28.488,1000
28.488,1000
28.496,1000
28.504,1000
28.504,1000
28.512,1000
28.512,1000
28.512,1000
28.52,1000
28.52,1000
28.528,1000
28.56,1000
28.56,1000
28.56,1000
28.568,1000
28.576,1000
28.576,1000
28.576,1000
28.584,1000
28.584,1000
28.6,1000
28.6,1000
28.608,1000
28.608,1000
28.616,1000
28.656,1000
28.664,1000
28.664,1000
28.68,1000
28.688,1000
28.696,1000
28.704,1000
28.712,1000
28.712,1000
28.712,1000
28.72,1000
28.72,1000
28.728,1000
28.728,1000
28.728,1000
28.728,1000
28.736,1000
28.744,1000
28.752,1000
28.784,1000
28.792,1000
28.792,1000
28.8,1000
28.808,1000
28.808,1000
28.808,1000
28.808,1000
28.824,1000
28.824,1000
28.832,1000
28.84,1000
28.84,1000
28.848,1000
28.856,1000
28.888,1000
28.904,1000
28.912,1000
28.92,1000
28.92,1000
28.92,1000
28.928,1000
28.928,1000
28.936,1000
28.936,1000
28.936,1000
28.936,1000
28.944,1000
28.944,1000
28.944,1000
28.952,1000
28.952,1000
28.96,1000
28.968,1000
28.976,1000
28.992,1000
29.0,1000
29.024,1000
29.032,1000
29.04,1000
29.048,1000
29.048,1000
29.048,1000
29.056,1000
29.104,1000
29.12,1000
29.12,1000
29.128,1000
29.128,1000
29.136,1000
29.144,2000
29.144,1000
29.144,1000
29.144,1000
29.152,1000
29.152,1000
29.152,1000
29.152,1000
29.152,1000
29.16,1000
29.16,1000
29.168,1000
29.168,1000
29.176,1000
29.176,1000
29.184,1000
29.216,1000
29.232,1000
29.232,1000
29.248,1000
29.256,1000
29.256,1000
29.264,1000
29.264,1000
29.272,1000
29.272,1000
29.272,1000
29.288,1000
29.296,1000
29.296,1000
29.296,1000
29.304,1000
29.336,1000
29.344,1000
29.352,1000
29.352,1000
29.36,1000
29.36,1000
29.368,1000
29.368,1000
29.368,1000
29.376,1000
29.384,1000
29.392,1000
29.392,1000
29.4,1000
29.432,1000
29.432,1000
29.464,1000
29.48,1000
29.48,1000
29.488,1000
29.488,1000
29.488,1000
29.488,1000
29.496,1000
29.504,1000
29.504,1000
29.512,1000
29.512,1000
29.512,1000
29.52,1000
29.52,1000
29.528,1000
29.56,1000
29.56,1000
29.56,1000
29.568,1000
29.576,1000
29.576,1000
29.576,1000
29.584,1000
29.584,1000
29.6,1000
29.6,1000
29.608,1000
29.608,1000
29.616,1000
29.656,1000
29.664,1000
29.664,1000
29.68,1000
29.688,1000
29.696,1000
29.704,1000
29.712,1000
29.712,1000
29.712,1000
29.72,1000
29.72,1000
29.728,1000
29.728,1000
29.728,1000
29.728,1000
29.736,1000
29.744,1000
29.752,1000
29.784,1000
29.792,1000
29.792,1000
29.8,1000
29.808,1000
29.808,1000
29.808,1000
29.808,1000
29.824,1000
29.824,1000
29.832,1000
29.84,1000
29.84,1000
29.848,1000
29.856,1000
29.888,1000
29.904,2000
29.904,1000
29.912,1000
29.92,1000
29.92,1000
29.92,1000
29.928,1000
29.928,1000
29.928,1000
29.936,1000
29.936,1000
29.936,1000
29.936,1000
29.944,1000
29.944,1000
29.944,1000
29.952,1000
29.952,1000
29.96,1000
29.968,1000
29.976,1000
29.992,1000
30.0,1000
30.024,1000
30.032,1000
30.04,1000
30.048,1000
30.048,1000
30.048,1000
30.056,1000
30.104,1000
30.12,1000
30.12,1000
30.128,1000
30.128,1000
30.136,1000
30.144,1000
30.144,1000
30.144,1000
30.152,1000
30.152,1000
30.152,1000
30.152,1000
30.152,1000
30.16,1000
30.16,1000
30.168,1000
30.168,1000
30.176,1000
30.176,1000
30.184,1000
30.216,1000
30.232,1000
30.232,1000
30.248,1000
30.256,1000
30.256,1000
30.264,1000
30.264,1000
30.272,1000
30.272,1000
30.272,1000
30.288,1000
30.296,1000
30.296,1000
30.296,1000
30.304,1000
30.336,1000
30.344,1000
30.352,1000
30.352,1000
30.36,1000
30.36,1000
30.368,1000
30.368,1000
30.368,1000
30.376,1000
30.384,1000
30.392,1000
30.392,1000
30.4,1000
30.432,1000
30.432,1000
30.464,1000
30.48,1000
30.48,1000
30.488,1000
30.488,1000
30.488,1000
30.488,1000
30.496,1000
30.504,1000
30.504,1000
30.512,1000
30.512,1000
30.512,1000
30.52,1000
30.52,1000
30.528,1000
30.56,1000
30.56,1000
30.56,1000
30.568,1000
30.576,1000
30.576,1000
30.576,1000
30.584,1000
30.584,1000
30.6,1000
30.6,1000
30.608,1000
30.608,1000
30.616,1000
30.656,1000
30.664,1000
30.664,1000
30.68,1000
30.688,1000
30.696,1000
30.704,1000
30.712,2000
30.712,1000
30.712,1000
30.712,1000
30.72,1000
30.72,1000
30.728,1000
30.728,1000
30.728,1000
30.728,1000
30.736,1000
30.736,1000
30.744,1000
30.752,1000
30.784,1000
30.792,1000
30.792,1000
30.8,1000
30.808,1000
30.808,1000
30.808,1000
30.808,1000
30.824,1000
30.824,1000
30.832,1000
30.84,1000
30.84,1000
30.848,1000
30.856,1000
30.888,1000
30.904,1000
30.912,1000
30.92,1000
30.92,1000
30.92,1000
30.928,1000
30.928,1000
30.928,1000
30.936,1000
30.936,1000
30.936,1000
30.936,1000
30.944,1000
30.944,1000
30.944,1000
30.952,1000
30.952,1000
30.96,1000
30.968,1000
30.976,1000
30.992,1000
31.0,1000
31.024,1000
31.032,1000
31.04,1000
31.048,1000
31.048,1000
31.048,1000
31.056,1000
31.104,1000
31.12,1000
31.12,1000
31.128,1000
31.128,1000
31.136,1000
31.144,1000
31.144,1000
31.144,1000
31.152,1000
31.152,1000
31.152,1000
31.152,1000
31.152,1000
31.16,1000
31.16,1000
31.168,1000
31.168,1000
31.176,1000
31.176,1000
31.184,1000
31.216,1000
31.232,1000
31.232,1000
31.248,1000
31.256,1000
31.256,1000
31.264,1000
31.264,1000
31.272,1000
31.272,1000
31.272,1000
31.288,1000
31.296,1000
31.296,1000
31.296,1000
31.304,1000
31.336,1000
31.344,1000
31.352,1000
31.352,1000
31.36,1000
31.36,1000
31.368,1000
31.368,1000
31.368,1000
31.376,1000
31.384,1000
31.392,1000
31.392,1000
31.4,1000
31.432,1000
31.432,1000
31.464,1000
31.48,1000
31.48,1000
31.488,1000
31.488,1000
31.488,1000
31.488,1000
31.496,1000
31.504,1000
31.504,1000
31.512,1000
31.512,1000
31.512,1000
31.52,1000
31.52,1000
31.528,1000
31.56,1000
31.56,1000
31.56,1000
31.568,1000
31.576,1000
31.576,1000
31.576,1000
31.584,1000
31.584,1000
31.6,1000
31.6,1000
31.608,1000
31.608,1000
31.616,1000
31.624,2000
31.648,1000
31.656,1000
31.664,1000
31.664,1000
31.68,1000
31.688,1000
31.696,1000
31.704,1000
31.712,1000
31.712,1000
31.712,1000
31.72,1000
31.72,1000
31.728,1000
31.728,1000
31.728,1000
31.728,1000
31.736,1000
31.736,1000
31.744,1000
31.752,1000
31.784,1000
31.792,1000
31.792,1000
31.8,1000
31.808,1000
31.808,1000
31.808,1000
31.808,1000
31.824,1000
31.824,1000
31.832,1000
31.84,1000
31.84,1000
31.848,1000
31.856,1000
31.888,1000
31.904,1000
31.912,1000
31.92,1000
31.92,1000
31.92,1000
31.928,1000
31.928,1000
31.928,1000
31.936,1000
31.936,1000
31.936,1000
31.936,1000
31.944,1000
31.944,1000
31.944,1000
31.952,1000
31.952,1000
31.96,1000
31.968,1000
31.976,1000
31.992,1000
32.0,1000
32.024,1000
32.032,1000
32.04,1000
32.048,1000
32.048,1000
32.048,1000
32.056,1000
32.104,1000
32.12,1000
32.12,1000
32.128,1000
32.128,1000
32.136,1000
32.144,1000
32.144,1000
32.144,1000
32.152,1000
32.152,1000
32.152,1000
32.152,1000
32.152,1000
32.16,1000
32.16,1000
32.168,1000
32.168,1000
32.176,1000
32.176,1000
32.184,1000
32.216,1000
32.232,1000
32.232,1000
32.248,1000
32.256,1000
32.256,1000
32.264,1000
32.264,1000
32.272,1000
32.272,1000
32.272,1000
32.288,1000
32.296,1000
32.296,1000
32.296,1000
32.304,1000
32.336,1000
32.344,1000
32.352,1000
32.352,1000
32.36,1000
32.36,1000
32.368,1000
32.368,1000
32.368,1000
32.376,1000
32.384,1000
32.392,1000
32.392,1000
32.4,1000
32.432,1000
32.432,1000
32.464,1000
32.48,1000
32.48,1000
32.488,1000
32.488,1000
32.488,1000
32.488,1000
32.496,1000
32.504,1000
32.504,1000
32.512,1000
32.512,1000
32.512,1000
32.52,1000
32.52,1000
32.528,1000
32.56,1000
32.56,1000
32.56,1000
32.568,1000
32.576,1000
32.576,1000
32.576,1000
32.584,1000
32.584,1000
32.592,2000
32.6,1000
32.6,1000
32.608,1000
32.608,1000
32.616,1000
32.616,1000
32.648,1000
32.656,1000
32.664,1000
32.664,1000
32.68,1000
32.688,1000
32.696,1000
32.704,1000
32.712,1000
32.712,1000
32.712,1000
32.72,1000
32.72,1000
32.728,1000
32.728,1000
32.728,1000
32.728,1000
32.736,1000
32.736,1000
32.744,1000
32.752,1000
32.784,1000
32.792,1000
32.792,1000
32.8,1000
32.808,1000
32.808,1000
32.808,1000
32.808,1000
32.824,1000
32.824,1000
32.832,1000
32.84,1000
32.84,1000
32.848,1000
32.856,1000
32.888,1000
32.904,1000
32.912,1000
32.92,1000
32.92,1000
32.92,1000
32.928,1000
32.928,1000
32.928,1000
32.936,1000
32.936,1000
32.936,1000
32.936,1000
32.944,1000
32.944,1000
32.944,1000
32.952,1000
32.952,1000
32.96,1000
32.968,1000
32.976,1000
32.992,1000
33.0,1000
33.024,1000
33.032,1000
33.04,1000
33.048,1000
33.048,1000
33.048,1000
33.056,1000
33.104,1000
33.12,1000
33.12,1000
33.128,1000
33.128,1000
33.136,1000
33.144,1000
33.144,1000
33.144,1000
33.152,1000
33.152,1000
33.152,1000
33.152,1000
33.152,1000
33.16,1000
33.16,1000
33.168,1000
33.168,1000
33.176,1000
33.176,1000
33.184,1000
33.216,1000
33.232,1000
33.232,1000
33.248,1000
33.256,1000
33.256,1000
33.264,1000
33.264,1000
33.272,1000
33.272,1000
33.272,1000
33.288,1000
33.296,1000
33.296,1000
33.296,1000
33.304,1000
33.336,1000
33.344,1000
33.352,1000
33.352,1000
33.36,1000
33.36,1000
33.368,1000
33.368,1000
33.368,1000
33.376,1000
33.384,1000
33.392,1000
33.392,1000
33.4,1000
33.432,1000
33.432,1000
33.456,1000
33.472,1000
33.48,1000
33.48,1000
33.488,1000
33.488,1000
33.488,1000
33.488,1000
33.496,1000
33.504,1000
33.504,1000
33.512,1000
33.512,1000
33.512,1000
33.52,1000
33.52,1000
33.552,1000
33.56,1000
33.56,1000
33.56,1000
33.568,1000
33.576,1000
33.576,1000
33.576,1000
33.584,1000
33.592,1000
33.6,1000
33.6,1000
33.608,1000
33.608,1000
33.616,1000
33.64,1000
33.648,1000
33.656,1000
33.664,1000
33.672,1000
33.68,1000
33.688,1000
33.696,1000
33.704,1000
33.712,1000
33.712,1000
33.712,1000
33.72,1000
33.72,1000
33.728,1000
33.728,1000
33.728,1000
33.728,1000
33.736,1000
33.736,1000
33.736,2000
33.744,1000
33.76,1000
33.776,1000
33.784,1000
33.792,1000
33.792,1000
33.8,1000
33.808,1000
33.808,1000
33.808,1000
33.816,1000
33.824,1000
33.824,1000
33.832,1000
33.84,1000
33.84,1000
33.848,1000
33.88,1000
33.896,1000
33.904,1000
33.912,1000
33.92,1000
33.92,1000
33.92,1000
33.928,1000
33.928,1000
33.928,1000
33.936,1000
33.936,1000
33.936,1000
33.936,1000
33.944,1000
33.944,1000
33.944,1000
33.952,1000
33.952,1000
33.96,1000
33.968,1000
33.984,1000
33.992,1000
34.016,1000
34.024,1000
34.032,1000
34.04,1000
34.048,1000
34.048,1000
34.048,1000
34.096,1000
34.112,1000
34.12,1000
34.12,1000
34.128,1000
34.128,1000
34.136,1000
34.144,1000
34.144,1000
34.144,1000
34.152,1000
34.152,1000
34.152,1000
34.152,1000
34.152,1000
34.16,1000
34.16,1000
34.168,1000
34.168,1000
34.176,1000
34.176,1000
34.208,1000
34.224,1000
34.232,1000
34.24,1000
34.248,1000
34.256,1000
34.256,1000
34.264,1000
34.264,1000
34.272,1000
34.272,1000
34.28,1000
34.288,1000
34.296,1000
34.296,1000
34.296,1000
34.328,1000
34.336,1000
34.344,1000
34.352,1000
34.352,1000
34.36,1000
34.36,1000
34.368,1000
34.368,1000
34.368,1000
34.376,1000
34.384,1000
34.392,1000
34.392,1000
34.424,1000
34.432,1000
34.448,1000
34.464,1000
34.472,1000
34.48,1000
34.48,1000
34.488,1000
34.488,1000
34.488,1000
34.488,1000
34.496,1000
34.504,1000
34.504,1000
34.512,1000
34.512,1000
34.512,1000
34.52,1000
34.544,1000
34.552,1000
34.56,1000
34.56,1000
34.56,1000
34.568,1000
34.576,1000
34.576,1000
34.576,1000
34.584,1000
34.592,1000
34.6,1000
34.6,1000
34.608,1000
34.608,1000
34.632,1000
34.64,1000
34.648,1000
34.656,1000
34.664,1000
34.672,1000
34.68,1000
34.688,1000
34.696,1000
34.704,1000
34.712,1000
34.712,1000
34.712,1000
34.72,1000
34.72,1000
34.728,1000
34.728,1000
34.728,1000
34.728,1000
34.736,1000
34.736,1000
34.76,1000
34.768,1000
34.776,1000
34.784,1000
34.792,1000
34.792,1000
34.8,1000
34.808,1000
34.808,1000
34.808,1000
34.816,1000
34.824,1000
34.824,1000
34.832,1000
34.84,1000
34.84,1000
34.872,1000
34.888,1000
34.896,1000
34.904,1000
34.904,2000
34.912,1000
34.92,1000
34.92,1000
34.92,1000
34.928,1000
34.928,1000
34.928,1000
34.928,1000
34.936,1000
34.936,1000
34.936,1000
34.936,1000
34.944,1000
34.944,1000
34.944,1000
34.952,1000
34.952,1000
34.96,1000
34.976,1000
34.984,1000
35.008,1000
35.016,1000
35.024,1000
35.032,1000
35.04,1000
35.048,1000
35.048,1000
35.088,1000
35.104,1000
35.112,1000
35.12,1000
35.12,1000
35.128,1000
35.128,1000
35.136,1000
35.144,1000
35.144,1000
35.144,1000
35.152,1000
35.152,1000
35.152,1000
35.152,1000
35.152,1000
35.16,1000
35.16,1000
35.168,1000
35.168,1000
35.176,1000
35.2,1000
35.216,1000
35.224,1000
35.232,1000
35.24,1000
35.248,1000
35.256,1000
35.256,1000
35.264,1000
35.264,1000
35.272,1000
35.272,1000
35.28,1000
35.288,1000
35.296,1000
35.296,1000
35.32,1000
35.328,1000
35.336,1000
35.344,1000
35.352,1000
35.352,1000
35.36,1000
35.36,1000
35.368,1000
35.368,1000
35.368,1000
35.376,1000
35.384,1000
35.392,1000
35.416,1000
35.424,1000
35.44,1000
35.456,1000
35.464,1000
35.472,1000
35.48,1000
35.48,1000
35.488,1000
35.488,1000
35.488,1000
35.488,1000
35.496,1000
35.504,1000
35.504,1000
35.512,1000
35.512,1000
35.512,1000
35.536,1000
35.544,1000
35.552,1000
35.56,1000
35.56,1000
35.56,1000
35.568,1000
35.576,1000
35.576,1000
35.576,1000
35.584,1000
35.592,1000
35.6,1000
35.6,1000
35.608,1000
35.624,1000
35.632,1000
35.64,1000
35.648,1000
35.656,1000
35.664,1000
35.672,1000
35.68,1000
35.688,1000
35.696,1000
35.704,1000
35.712,1000
35.712,1000
35.712,1000
35.72,1000
35.72,1000
35.728,1000
35.728,1000
35.728,1000
35.728,1000
35.736,1000
35.752,1000
35.76,1000
35.768,1000
35.776,1000
35.784,1000
35.792,1000
35.792,1000
35.8,1000
35.808,1000
35.808,1000
35.808,1000
35.816,1000
35.824,1000
35.824,1000
35.832,1000
35.84,1000
35.864,1000
35.88,1000
35.888,1000
35.896,1000
35.904,1000
35.912,1000
35.92,1000
35.92,1000
35.92,1000
35.928,1000
35.928,1000
35.928,1000
35.928,1000
35.936,1000
35.936,1000
35.936,1000
35.936,1000
35.944,1000
35.944,1000
35.944,1000
35.952,1000
35.952,1000
35.968,1000
35.976,1000
36.0,1000
36.008,1000
36.016,1000
36.024,1000
36.032,1000
36.04,1000
36.048,1000
36.08,1000
36.096,1000
36.104,1000
36.112,1000
36.12,1000
36.12,1000
36.128,1000
36.128,1000
36.136,1000
36.144,1000
36.144,1000
36.144,1000
36.152,1000
36.152,1000
36.152,1000
36.152,1000
36.152,1000
36.16,1000
36.16,1000
36.168,1000
36.168,1000
36.192,1000
36.208,1000
36.216,1000
36.224,1000
36.232,1000
36.24,1000
36.248,1000
36.256,1000
36.256,1000
36.264,1000
36.264,1000
36.272,1000
36.272,1000
36.28,1000
36.288,1000
36.296,1000
36.312,1000
36.32,1000
36.328,1000
36.328,2000
36.336,1000
36.344,1000
36.352,1000
36.352,1000
36.352,1000
36.36,1000
36.36,1000
36.368,1000
36.368,1000
36.368,1000
36.376,1000
36.384,1000
36.408,1000
36.416,1000
36.432,1000
36.448,1000
36.456,1000
36.464,1000
36.472,1000
36.48,1000
36.48,1000
36.488,1000
36.488,1000
36.488,1000
36.488,1000
36.496,1000
36.504,1000
36.504,1000
36.512,1000
36.512,1000
36.528,1000
36.536,1000
36.544,1000
36.552,1000
36.56,1000
36.56,1000
36.56,1000
36.568,1000
36.576,1000
36.576,1000
36.576,1000
36.584,1000
36.592,1000
36.6,1000
36.6,1000
36.616,1000
36.624,1000
36.632,1000
36.64,1000
36.648,1000
36.656,1000
36.664,1000
36.672,1000
36.68,1000
36.688,1000
36.696,1000
36.704,1000
36.712,1000
36.712,1000
36.712,1000
36.72,1000
36.72,1000
36.728,1000
36.728,1000
36.728,1000
36.728,1000
36.744,1000
36.752,1000
36.76,1000
36.768,1000
36.776,1000
36.784,1000
36.792,1000
36.792,1000
36.8,1000
36.808,1000
36.808,1000
36.808,1000
36.816,1000
36.824,1000
36.824,1000
36.832,1000
36.856,1000
36.872,1000
36.88,1000
36.888,1000
36.896,1000
36.904,1000
36.912,1000
36.92,1000
36.92,1000
36.92,1000
36.928,1000
36.928,1000
36.928,1000
36.928,1000
36.936,1000
36.936,1000
36.936,1000
36.936,1000
36.944,1000
36.944,1000
36.944,1000
36.952,1000
36.96,1000
36.968,1000
36.992,1000
37.0,1000
37.008,1000
37.016,1000
37.024,1000
37.032,1000
37.04,1000
37.072,1000
37.088,1000
37.096,1000
37.104,1000
37.112,1000
37.12,1000
37.12,1000
37.128,1000
37.128,1000
37.136,1000
37.144,1000
37.144,1000
37.144,1000
37.152,1000
37.152,1000
37.152,1000
37.152,1000
37.152,1000
37.16,1000
37.16,1000
37.168,1000
37.184,1000
37.2,1000
37.208,1000
37.216,1000
37.224,1000
37.232,1000
37.24,1000
37.248,1000
37.256,1000
37.256,1000
37.264,1000
37.264,1000
37.272,1000
37.272,1000
37.28,1000
37.288,1000
37.304,1000
37.312,1000
37.32,1000
37.328,1000
37.336,1000
37.344,1000
37.352,1000
37.352,1000
37.352,1000
37.36,1000
37.36,1000
37.368,1000
37.368,1000
37.368,1000
37.376,1000
37.4,1000
37.408,1000
37.424,1000
37.44,1000
37.448,1000
37.456,1000
37.464,1000
37.472,1000
37.48,1000
37.48,1000
37.488,1000
37.488,1000
37.488,1000
37.488,1000
37.496,1000
37.504,1000
37.504,1000
37.512,1000
37.52,1000
37.528,1000
37.536,1000
37.544,1000
37.552,1000
37.56,1000
37.56,1000
37.56,1000
37.568,1000
37.576,1000
37.576,1000
37.576,1000
37.584,1000
37.592,1000
37.6,1000
37.608,1000
37.616,1000
37.624,1000
37.632,1000
37.64,1000
37.648,1000
37.656,1000
37.664,1000
37.672,1000
37.68,1000
37.688,1000
37.696,1000
37.704,1000
37.712,1000
37.712,1000
37.712,1000
37.72,1000
37.72,1000
37.72,2000
37.728,1000
37.728,1000
37.728,1000
37.736,1000
37.744,1000
37.744,1000
37.752,1000
37.76,1000
37.768,1000
37.776,1000
37.784,1000
37.792,1000
37.792,1000
37.8,1000
37.808,1000
37.808,1000
37.808,1000
37.816,1000
37.824,1000
37.824,1000
37.848,1000
37.864,1000
37.872,1000
37.88,1000
37.888,1000
37.896,1000
37.904,1000
37.912,1000
37.92,1000
37.92,1000
37.92,1000
37.928,1000
37.928,1000
37.928,1000
37.928,1000
37.936,1000
37.936,1000
37.936,1000
37.936,1000
37.944,1000
37.944,1000
37.944,1000
37.952,1000
37.96,1000
37.984,1000
37.992,1000
38.0,1000
38.008,1000
38.016,1000
38.024,1000
38.032,1000
38.064,1000
38.08,1000
38.088,1000
38.096,1000
38.104,1000
38.112,1000
38.12,1000
38.12,1000
38.128,1000
38.128,1000
38.136,1000
38.144,1000
38.144,1000
38.144,1000
38.152,1000
38.152,1000
38.152,1000
38.152,1000
38.152,1000
38.16,1000
38.16,1000
38.176,1000
38.192,1000
38.2,1000
38.208,1000
38.216,1000
38.224,1000
38.232,1000
38.24,1000
38.248,1000
38.256,1000
38.256,1000
38.264,1000
38.264,1000
38.272,1000
38.272,1000
38.28,1000
38.296,1000
38.304,1000
38.312,1000
38.32,1000
38.328,1000
38.336,1000
38.344,1000
38.352,1000
38.352,1000
38.352,1000
38.36,1000
38.36,1000
38.368,1000
38.368,1000
38.368,1000
38.392,1000
38.4,1000
38.416,1000
38.432,1000
38.44,1000
38.448,1000
38.456,1000
38.464,1000
38.472,1000
38.48,1000
38.48,1000
38.488,1000
38.488,1000
38.488,1000
38.488,1000
38.496,1000
38.504,1000
38.504,1000
38.512,1000
38.52,1000
38.528,1000
38.536,1000
38.544,1000
38.552,1000
38.56,1000
38.56,1000
38.56,1000
38.568,1000
38.576,1000
38.576,1000
38.576,1000
38.584,1000
38.592,1000
38.6,1000
38.608,1000
38.616,1000
38.624,1000
38.632,1000
38.64,1000
38.648,1000
38.656,1000
38.664,1000
38.672,1000
38.68,1000
38.688,1000
38.696,1000
38.704,1000
38.712,1000
38.712,1000
38.712,1000
38.72,1000
38.72,1000
38.728,1000
38.728,1000
38.728,1000
38.736,1000
38.744,1000
38.744,1000
38.752,1000
38.76,1000
38.768,1000
38.776,1000
38.784,1000
38.792,1000
38.792,1000
38.8,1000
38.808,1000
38.808,1000
38.808,1000
38.816,1000
38.824,1000
38.84,1000
38.856,1000
38.864,1000
38.872,1000
38.88,1000
38.888,1000
38.896,1000
38.904,1000
38.912,1000
38.92,1000
38.92,1000
38.92,1000
38.928,1000
38.928,1000
38.928,1000
38.928,1000
38.936,1000
38.936,1000
38.936,1000
38.936,1000
38.944,1000
38.944,1000
38.944,1000
38.952,1000
38.976,1000
38.984,1000
38.992,1000
39.0,1000
39.008,1000
39.016,1000
39.024,1000
39.056,1000
39.072,1000
39.08,1000
39.088,1000
39.096,1000
39.104,1000
39.112,1000
39.12,1000
39.12,1000
39.128,1000
39.128,1000
39.136,1000
39.144,1000
39.144,1000
39.144,1000
39.152,1000
39.152,1000
39.152,1000
39.152,1000
39.152,1000
39.16,1000
39.168,1000
39.184,1000
39.192,1000
39.2,1000
39.208,1000
39.216,1000
39.224,1000
39.232,1000
39.24,1000
39.248,1000
39.256,1000
39.256,1000
39.264,1000
39.264,1000
39.272,1000
39.272,1000
39.288,1000
39.296,1000
39.304,1000
39.312,1000
39.32,1000
39.328,1000
39.336,1000
39.344,1000
39.352,1000
39.352,1000
39.352,1000
39.36,1000
39.36,1000
39.368,1000
39.368,1000
39.384,1000
39.392,1000
39.408,1000
39.424,1000
39.432,1000
39.44,1000
39.448,1000
39.456,1000
39.464,1000
39.472,1000
39.48,1000
39.48,1000
39.488,1000
39.488,1000
39.488,1000
39.488,1000
39.488,2000
39.496,1000
39.504,1000
39.504,1000
39.512,1000
39.512,1000
39.52,1000
39.528,1000
39.536,1000
39.544,1000
39.552,1000
39.56,1000
39.56,1000
39.56,1000
39.568,1000
39.576,1000
39.576,1000
39.576,1000
39.584,1000
39.592,1000
39.6,1000
39.608,1000
39.616,1000
39.624,1000
39.632,1000
39.64,1000
39.648,1000
39.656,1000
39.664,1000
39.672,1000
39.68,1000
39.688,1000
39.696,1000
39.704,1000
39.712,1000
39.712,1000
39.712,1000
39.72,1000
39.72,1000
39.728,1000
39.728,1000
39.728,1000
39.736,1000
39.744,1000
39.744,1000
39.752,1000
39.76,1000
39.768,1000
39.776,1000
39.784,1000
39.792,1000
39.792,1000
39.8,1000
39.808,1000
39.808,1000
39.808,1000
39.816,1000
39.832,1000
39.848,1000
39.856,1000
39.864,1000
39.872,1000
39.88,1000
39.888,1000
39.896,1000
39.904,1000
39.912,1000
39.92,1000
39.92,1000
39.92,1000
39.928,1000
39.928,1000
39.928,1000
39.928,1000
39.936,1000
39.936,1000
39.936,1000
39.936,1000
39.944,1000
39.944,1000
39.944,1000
39.968,1000
39.976,1000
39.984,1000
39.992,1000
40.0,1000
40.008,1000
40.016,1000
40.048,1000
40.064,1000
40.072,1000
40.08,1000
40.088,1000
40.096,1000
40.104,1000
40.112,1000
40.12,1000
40.12,1000
40.128,1000
40.128,1000
40.136,1000
40.144,1000
40.144,1000
40.144,1000
40.152,1000
40.152,1000
40.152,1000
40.152,1000
40.152,1000
40.16,1000
40.176,1000
40.184,1000
40.192,1000
40.2,1000
40.208,1000
40.216,1000
40.224,1000
40.232,1000
40.24,1000
40.248,1000
40.256,1000
40.256,1000
40.264,1000
40.264,1000
40.272,1000
40.28,1000
40.288,1000
40.296,1000
40.304,1000
40.312,1000
40.32,1000
40.328,1000
40.336,1000
40.344,1000
40.352,1000
40.352,1000
40.352,1000
40.36,1000
40.36,1000
40.368,1000
40.376,1000
40.384,1000
40.4,1000
40.416,1000
40.424,1000
40.432,1000
40.44,1000
40.448,1000
40.456,1000
40.464,1000
40.472,1000
40.48,1000
40.48,1000
40.488,1000
40.488,1000
40.488,1000
40.488,1000
40.496,1000
40.504,1000
40.504,1000
40.512,1000
40.512,1000
40.52,1000
40.528,1000
40.536,1000
40.544,1000
40.552,1000
40.56,1000
40.56,1000
40.56,1000
40.568,1000
40.576,1000
40.576,1000
40.576,1000
40.584,1000
40.592,1000
40.6,1000
40.608,1000
40.616,1000
40.624,1000
40.632,1000
40.64,1000
40.648,1000
40.656,1000
40.664,1000
40.672,1000
40.68,1000
40.688,1000
40.696,1000
40.704,1000
40.712,1000
40.712,1000
40.712,1000
40.72,1000
40.72,1000
40.728,1000
40.728,1000
40.728,1000
40.736,1000
40.744,1000
40.744,1000
40.752,1000
40.76,1000
40.768,1000
40.776,1000
40.784,1000
40.792,1000
40.792,1000
40.8,1000
40.808,1000
40.808,1000
40.808,1000
40.824,1000
40.84,1000
40.848,1000
40.856,1000
40.864,1000
40.872,1000
40.88,1000
40.888,1000
40.896,1000
40.904,1000
40.912,1000
40.92,1000
40.92,1000
40.92,1000
40.928,1000
40.928,1000
40.928,1000
40.928,1000
40.936,1000
40.936,1000
40.936,1000
40.936,1000
40.944,1000
40.944,1000
40.96,1000
40.968,1000
40.976,1000
40.984,1000
40.992,1000
41.0,1000
41.008,1000
41.04,1000
41.056,1000
41.064,1000
41.072,1000
41.08,1000
41.088,1000
41.096,1000
41.104,1000
41.112,1000
41.12,1000
41.12,1000
41.128,1000
41.128,1000
41.136,1000
41.144,1000
41.144,1000
41.144,1000
41.152,1000
41.152,1000
41.152,1000
41.152,1000
41.152,1000
41.168,1000
41.176,1000
41.184,1000
41.192,1000
41.2,1000
41.208,1000
41.216,1000
41.224,1000
41.232,1000
41.232,2000
41.24,1000
41.248,1000
41.256,1000
41.256,1000
41.256,1000
41.264,1000
41.264,1000
41.272,1000
41.28,1000
41.288,1000
41.296,1000
41.304,1000
41.312,1000
41.32,1000
41.328,1000
41.336,1000
41.344,1000
41.352,1000
41.352,1000
41.352,1000
41.36,1000
41.36,1000
41.368,1000
41.376,1000
41.392,1000
41.408,1000
41.416,1000
41.424,1000
41.432,1000
41.44,1000
41.448,1000
41.456,1000
41.464,1000
41.472,1000
41.48,1000
41.48,1000
41.488,1000
41.488,1000
41.488,1000
41.488,1000
41.496,1000
41.504,1000
41.504,1000
41.512,1000
41.512,1000
41.52,1000
41.528,1000
41.536,1000
41.544,1000
41.552,1000
41.56,1000
41.56,1000
41.56,1000
41.568,1000
41.576,1000
41.576,1000
41.576,1000
41.584,1000
41.592,1000
41.6,1000
41.608,1000
41.616,1000
41.624,1000
41.632,1000
41.64,1000
41.648,1000
41.656,1000
41.664,1000
41.672,1000
41.68,1000
41.688,1000
41.696,1000
41.704,1000
41.712,1000
41.712,1000
41.712,1000
41.72,1000
41.72,1000
41.728,1000
41.728,1000
41.728,1000
41.736,1000
41.744,1000
41.744,1000
41.752,1000
41.76,1000
41.768,1000
41.776,1000
41.784,1000
41.792,1000
41.792,1000
41.8,1000
41.808,1000
41.808,1000
41.816,1000
41.832,1000
41.84,1000
41.848,1000
41.856,1000
41.864,1000
41.872,1000
41.88,1000
41.888,1000
41.896,1000
41.904,1000
41.912,1000
41.92,1000
41.92,1000
41.92,1000
41.928,1000
41.928,1000
41.928,1000
41.928,1000
41.936,1000
41.936,1000
41.936,1000
41.936,1000
41.944,1000
41.952,1000
41.96,1000
41.968,1000
41.976,1000
41.984,1000
41.992,1000
42.0,1000
42.032,1000
42.048,1000
42.056,1000
42.064,1000
42.072,1000
42.08,1000
42.088,1000
42.096,1000
42.104,1000
42.112,1000
42.12,1000
42.12,1000
42.128,1000
42.128,1000
42.136,1000
42.144,1000
42.144,1000
42.144,1000
42.152,1000
42.152,1000
42.152,1000
42.152,1000
42.16,1000
42.168,1000
42.176,1000
42.184,1000
42.192,1000
42.2,1000
42.208,1000
42.216,1000
42.224,1000
42.232,1000
42.24,1000
42.248,1000
42.256,1000
42.256,1000
42.256,1000
42.264,1000
42.264,1000
42.272,1000
42.28,1000
42.288,1000
42.296,1000
42.304,1000
42.312,1000
42.32,1000
42.328,1000
42.336,1000
42.344,1000
42.352,1000
42.352,1000
42.352,1000
42.36,1000
42.36,1000
42.368,1000
42.384,1000
42.4,1000
42.408,1000
42.416,1000
42.424,1000
42.432,1000
42.44,1000
42.448,1000
42.456,1000
42.464,1000
42.472,1000
42.48,1000
42.48,1000
42.488,1000
42.488,1000
42.488,1000
42.488,1000
42.496,1000
42.504,1000
42.504,1000
42.512,1000
42.512,1000
42.52,1000
42.528,1000
42.536,1000
42.544,1000
42.552,1000
42.56,1000
42.56,1000
42.56,1000
42.568,1000
42.576,1000
42.576,1000
42.576,1000
42.584,1000
42.592,1000
42.6,1000
42.608,1000
42.616,1000
42.624,1000
42.632,1000
42.64,1000
42.648,1000
42.656,1000
42.664,1000
42.672,1000
42.68,1000
42.688,1000
42.696,1000
42.704,1000
42.712,1000
42.712,1000
42.712,1000
42.72,1000
42.72,1000
42.728,1000
42.728,1000
42.728,1000
42.736,1000
42.744,1000
42.744,1000
42.752,1000
42.76,1000
42.768,1000
42.776,1000
42.784,1000
42.792,1000
42.792,1000
42.8,1000
42.808,1000
42.808,1000
42.824,1000
42.832,1000
42.84,1000
42.848,1000
42.856,1000
42.864,1000
42.872,1000
42.88,1000
42.888,1000
42.896,1000
42.904,1000
42.912,1000
42.92,1000
42.92,1000
42.92,1000
42.928,1000
42.928,1000
42.928,1000
42.928,1000
42.936,1000
42.936,1000
42.936,1000
42.936,1000
42.944,1000
42.952,1000
42.96,1000
42.968,1000
42.976,1000
42.984,1000
42.992,1000
43.024,1000
43.04,1000
43.048,1000
43.056,1000
43.064,1000
43.072,1000
43.08,1000
43.088,1000
43.096,1000
43.104,1000
43.112,1000
43.12,1000
43.12,1000
43.128,1000
43.128,1000
43.136,1000
43.144,1000
43.144,1000
43.144,1000
43.152,1000
43.152,1000
43.152,1000
43.152,1000
43.16,1000
43.168,1000
43.176,1000
43.184,1000
43.192,1000
43.2,1000
43.208,1000
43.216,1000
43.224,1000
43.232,1000
43.24,1000
43.248,1000
43.256,1000
43.256,1000
43.256,1000
43.264,1000
43.264,1000
43.272,1000
43.28,1000
43.288,1000
43.296,1000
43.304,1000
43.312,1000
43.32,1000
43.328,1000
43.336,1000
43.344,1000
43.352,1000
43.352,1000
43.352,1000
43.36,1000
43.36,1000
43.376,1000
43.392,1000
43.4,1000
43.408,1000
43.416,1000
43.424,1000
43.432,1000
43.432,2000
43.44,1000
43.448,1000
43.456,1000
43.456,1000
43.464,1000
43.472,1000
43.48,1000
43.48,1000
43.488,1000
43.488,1000
43.488,1000
43.488,1000
43.496,1000
43.504,1000
43.504,1000
43.512,1000
43.512,1000
43.52,1000
43.528,1000
43.536,1000
43.544,1000
43.552,1000
43.56,1000
43.56,1000
43.56,1000
43.568,1000
43.576,1000
43.576,1000
43.576,1000
43.584,1000
43.592,1000
43.6,1000
43.608,1000
43.616,1000
43.624,1000
43.632,1000
43.64,1000
43.648,1000
43.656,1000
43.664,1000
43.672,1000
43.68,1000
43.688,1000
43.696,1000
43.704,1000
43.712,1000
43.712,1000
43.712,1000
43.72,1000
43.72,1000
43.728,1000
43.728,1000
43.728,1000
43.736,1000
43.744,1000
43.744,1000
43.752,1000
43.76,1000
43.768,1000
43.776,1000
43.784,1000
43.792,1000
43.792,1000
43.8,1000
43.808,1000
43.816,1000
43.824,1000
43.832,1000
43.84,1000
43.848,1000
43.856,1000
43.864,1000
43.872,1000
43.88,1000
43.888,1000
43.896,1000
43.904,1000
43.912,1000
43.92,1000
43.92,1000
43.92,1000
43.928,1000
43.928,1000
43.928,1000
43.928,1000
43.936,1000
43.936,1000
43.936,1000
43.936,1000
43.944,1000
43.952,1000
43.96,1000
43.968,1000
43.976,1000
43.984,1000
44.016,1000
44.032,1000
44.04,1000
44.048,1000
44.056,1000
44.064,1000
44.072,1000
44.08,1000
44.088,1000
44.096,1000
44.104,1000
44.112,1000
44.12,1000
44.12,1000
44.128,1000
44.128,1000
44.136,1000
44.144,1000
44.144,1000
44.144,1000
44.152,1000
44.152,1000
44.152,1000
44.152,1000
44.16,1000
44.168,1000
44.176,1000
44.184,1000
44.192,1000
44.2,1000
44.208,1000
44.216,1000
44.224,1000
44.232,1000
44.24,1000
44.248,1000
44.256,1000
44.256,1000
44.256,1000
44.264,1000
44.264,1000
44.272,1000
44.28,1000
44.288,1000
44.296,1000
44.304,1000
44.312,1000
44.32,1000
44.328,1000
44.336,1000
44.344,1000
44.352,1000
44.352,1000
44.352,1000
44.36,1000
44.368,1000
44.384,1000
44.392,1000
44.4,1000
44.408,1000
44.416,1000
44.424,1000
44.432,1000
44.44,1000
44.448,1000
44.456,1000
44.456,1000
44.464,1000
44.472,1000
44.48,1000
44.48,1000
44.488,1000
44.488,1000
44.488,1000
44.488,1000
44.496,1000
44.504,1000
44.504,1000
44.512,1000
44.512,1000
44.52,1000
44.528,1000
44.536,1000
44.544,1000
44.552,1000
44.56,1000
44.56,1000
44.56,1000
44.568,1000
44.576,1000
44.576,1000
44.576,1000
44.584,1000
44.592,1000
44.6,1000
44.608,1000
44.616,1000
44.624,1000
44.632,1000
44.64,1000
44.648,1000
44.656,1000
44.664,1000
44.672,1000
44.68,1000
44.688,1000
44.696,1000
44.704,1000
44.712,1000
44.712,1000
44.712,1000
44.72,1000
44.72,1000
44.728,1000
44.728,1000
44.728,1000
44.736,1000
44.744,1000
44.744,1000
44.752,1000
44.76,1000
44.768,1000
44.776,1000
44.784,1000
44.792,1000
44.792,1000
44.8,1000
44.808,1000
44.816,1000
44.824,1000
44.832,1000
44.84,1000
44.848,1000
44.856,1000
44.864,1000
44.872,1000
44.88,1000
44.888,1000
44.896,1000
44.904,1000
44.912,1000
44.92,1000
44.92,1000
44.92,1000
44.928,1000
44.928,1000
44.928,1000
44.928,1000
44.936,1000
44.936,1000
44.936,1000
44.936,1000
44.944,1000
44.952,1000
44.96,1000
44.968,1000
44.976,1000
45.008,1000
45.024,1000
45.032,1000
45.04,1000
45.048,1000
45.056,1000
45.064,1000
45.072,1000
45.08,1000
45.088,1000
45.096,1000
45.104,1000
45.112,1000
45.12,1000
45.12,1000
45.128,1000
45.128,1000
45.136,1000
45.144,1000
45.144,1000
45.144,1000
45.152,1000
45.152,1000
45.152,1000
45.152,1000
45.16,1000
45.168,1000
45.176,1000
45.184,1000
45.192,1000
45.2,1000
45.208,1000
45.216,1000
45.224,1000
45.232,1000
45.24,1000
45.248,1000
45.256,1000
45.256,1000
45.256,1000
45.264,1000
45.264,1000
45.272,1000
45.28,1000
45.288,1000
45.296,1000
45.304,1000
45.312,1000
45.32,1000
45.328,1000
45.336,1000
45.344,1000
45.352,1000
45.352,1000
45.352,1000
45.36,1000
45.376,1000
45.384,1000
45.392,1000
45.4,1000
45.408,1000
45.416,1000
45.424,1000
45.432,1000
45.44,1000
45.448,1000
45.456,1000
45.456,1000
45.464,1000
45.472,1000
45.48,1000
45.48,1000
45.488,1000
45.488,1000
45.488,1000
45.488,1000
45.496,1000
45.504,1000
45.504,1000
45.512,1000
45.512,1000
45.52,1000
45.528,1000
45.536,1000
45.544,1000
45.552,1000
45.56,1000
45.56,1000
45.56,1000
45.568,1000
45.576,1000
45.576,1000
45.576,1000
45.584,1000
45.592,1000
45.6,1000
45.608,1000
45.616,1000
45.624,1000
45.632,1000
45.632,2000
45.64,1000
45.648,1000
45.656,1000
45.656,1000
45.664,1000
45.672,1000
45.68,1000
45.688,1000
45.696,1000
45.704,1000
45.712,1000
45.712,1000
45.712,1000
45.72,1000
45.72,1000
45.728,1000
45.728,1000
45.728,1000
45.736,1000
45.744,1000
45.744,1000
45.752,1000
45.76,1000
45.768,1000
45.776,1000
45.784,1000
45.792,1000
45.792,1000
45.8,1000
45.808,1000
45.816,1000
45.824,1000
45.832,1000
45.84,1000
45.848,1000
45.856,1000
45.864,1000
45.872,1000
45.88,1000
45.888,1000
45.896,1000
45.904,1000
45.912,1000
45.92,1000
45.92,1000
45.92,1000
45.928,1000
45.928,1000
45.928,1000
45.928,1000
45.936,1000
45.936,1000
45.936,1000
45.936,1000
45.944,1000
45.952,1000
45.96,1000
45.968,1000
46.0,1000
46.016,1000
46.024,1000
46.032,1000
46.04,1000
46.048,1000
46.056,1000
46.064,1000
46.072,1000
46.08,1000
46.088,1000
46.096,1000
46.104,1000
46.112,1000
46.12,1000
46.12,1000
46.128,1000
46.128,1000
46.136,1000
46.144,1000
46.144,1000
46.144,1000
46.152,1000
46.152,1000
46.152,1000
46.152,1000
46.16,1000
46.168,1000
46.176,1000
46.184,1000
46.192,1000
46.2,1000
46.208,1000
46.216,1000
46.224,1000
46.232,1000
46.24,1000
46.248,1000
46.256,1000
46.256,1000
46.256,1000
46.264,1000
46.264,1000
46.272,1000
46.28,1000
46.288,1000
46.296,1000
46.304,1000
46.312,1000
46.32,1000
46.328,1000
46.336,1000
46.344,1000
46.352,1000
46.352,1000
46.352,1000
46.368,1000
46.376,1000
46.384,1000
46.392,1000
46.4,1000
46.408,1000
46.416,1000
46.424,1000
46.432,1000
46.44,1000
46.448,1000
46.456,1000
46.456,1000
46.464,1000
46.472,1000
46.48,1000
46.48,1000
46.488,1000
46.488,1000
46.488,1000
46.488,1000
46.496,1000
46.504,1000
46.504,1000
46.512,1000
46.512,1000
46.52,1000
46.528,1000
46.536,1000
46.544,1000
46.552,1000
46.56,1000
46.56,1000
46.56,1000
46.568,1000
46.576,1000
46.576,1000
46.576,1000
46.584,1000
46.592,1000
46.6,1000
46.608,1000
46.616,1000
46.624,1000
46.632,1000
46.64,1000
46.648,1000
46.656,1000
46.656,1000
46.664,1000
46.672,1000
46.68,1000
46.688,1000
46.696,1000
46.704,1000
46.712,1000
46.712,1000
46.712,1000
46.72,1000
46.72,1000
46.728,1000
46.728,1000
46.728,1000
46.736,1000
46.744,1000
46.744,1000
46.752,1000
46.76,1000
46.768,1000
46.776,1000
46.784,1000
46.792,1000
46.792,1000
46.8,1000
46.808,1000
46.816,1000
46.824,1000
46.832,1000
46.84,1000
46.848,1000
46.856,1000
46.864,1000
46.872,1000
46.88,1000
46.888,1000
46.896,1000
46.904,1000
46.912,1000
46.92,1000
46.92,1000
46.92,1000
46.928,1000
46.928,1000
46.928,1000
46.928,1000
46.936,1000
46.936,1000
46.936,1000
46.936,1000
46.944,1000
46.952,1000
46.96,1000
46.992,1000
47.008,1000
47.016,1000
47.024,1000
47.032,1000
47.04,1000
47.048,1000
47.056,1000
47.064,1000
47.072,1000
47.08,1000
47.088,1000
47.096,1000
47.104,1000
47.112,1000
47.12,1000
47.12,1000
47.128,1000
47.128,1000
47.136,1000
47.144,1000
47.144,1000
47.144,1000
47.152,1000
47.152,1000
47.152,1000
47.152,1000
47.16,1000
47.168,1000
47.176,1000
47.184,1000
47.192,1000
47.2,1000
47.208,1000
47.216,1000
47.224,1000
47.232,1000
47.24,1000
47.248,1000
47.256,1000
47.256,1000
47.256,1000
47.264,1000
47.264,1000
47.272,1000
47.28,1000
47.288,1000
47.296,1000
47.304,1000
47.312,1000
47.32,1000
47.328,1000
47.336,1000
47.344,1000
47.352,1000
47.352,1000
47.36,1000
47.368,1000
47.376,1000
47.384,1000
47.392,1000
47.4,1000
47.408,1000
47.416,1000
47.424,1000
47.432,1000
47.44,1000
47.448,1000
47.456,1000
47.456,1000
47.464,1000
47.472,1000
47.48,1000
47.48,1000
47.488,1000
47.488,1000
47.488,1000
47.488,1000
47.496,1000
47.504,1000
47.504,1000
47.512,1000
47.512,1000
47.52,1000
47.528,1000
47.536,1000
47.544,1000
47.552,1000
47.56,1000
47.56,1000
47.56,1000
47.568,1000
47.576,1000
47.576,1000
47.576,1000
47.584,1000
47.592,1000
47.6,1000
47.608,1000
47.616,1000
47.624,1000
47.632,1000
47.64,1000
47.648,1000
47.656,1000
47.656,1000
47.664,1000
47.672,1000
47.68,1000
47.688,1000
47.696,1000
47.704,1000
47.712,1000
47.712,1000
47.712,1000
47.72,1000
47.72,1000
47.728,1000
47.728,1000
47.728,1000
47.736,1000
47.744,1000
47.744,1000
47.752,1000
47.76,1000
47.768,1000
47.776,1000
47.784,1000
47.792,1000
47.792,1000
47.8,1000
47.808,1000
47.816,1000
47.824,1000
47.832,1000
47.84,1000
47.848,1000
47.856,1000
47.864,1000
47.872,1000
47.88,1000
47.888,1000
47.896,1000
47.904,1000
47.912,1000
47.92,1000
47.92,1000
47.92,1000
47.928,1000
47.928,1000
47.928,1000
47.928,1000
47.936,1000
47.936,1000
47.936,1000
47.936,1000
47.944,1000
47.952,1000
47.984,1000
48.0,1000
48.008,1000
48.016,1000
48.024,1000
48.032,1000
48.04,1000
48.048,1000
48.056,1000
48.064,1000
48.072,1000
48.08,1000
48.088,1000
48.096,1000
48.104,1000
48.112,1000
48.12,1000
48.12,1000
48.128,1000
48.128,1000
48.136,1000
48.144,1000
48.144,1000
48.144,1000
48.152,1000
48.152,1000
48.152,1000
48.152,1000
48.16,1000
48.168,1000
48.176,1000
48.184,1000
48.192,1000
48.2,1000
48.208,1000
48.216,1000
48.224,1000
48.232,1000
48.24,1000
48.248,1000
48.256,1000
48.256,1000
48.256,1000
48.264,1000
48.264,1000
48.272,1000
48.28,1000
48.288,1000
48.296,1000
48.304,1000
48.312,1000
48.32,1000
48.328,1000
48.336,1000
48.344,1000
48.352,1000
48.352,1000
48.36,1000
48.368,1000
48.376,1000
48.384,1000
48.392,1000
48.392,2000
48.4,1000
48.408,1000
48.416,1000
48.416,1000
48.424,1000
48.432,1000
48.44,1000
48.448,1000
48.456,1000
48.456,1000
48.464,1000
48.472,1000
48.48,1000
48.48,1000
48.488,1000
48.488,1000
48.488,1000
48.488,1000
48.496,1000
48.504,1000
48.504,1000
48.512,1000
48.512,1000
48.52,1000
48.528,1000
48.536,1000
48.544,1000
48.552,1000
48.56,1000
48.56,1000
48.56,1000
48.568,1000
48.576,1000
48.576,1000
48.576,1000
48.584,1000
48.592,1000
48.6,1000
48.608,1000
48.616,1000
48.624,1000
48.632,1000
48.64,1000
48.648,1000
48.656,1000
48.656,1000
48.664,1000
48.672,1000
48.68,1000
48.688,1000
48.696,1000
48.704,1000
48.712,1000
48.712,1000
48.712,1000
48.72,1000
48.72,1000
48.728,1000
48.728,1000
48.728,1000
48.736,1000
48.744,1000
48.744,1000
48.752,1000
48.76,1000
48.768,1000
48.776,1000
48.784,1000
48.792,1000
48.792,1000
48.8,1000
48.808,1000
48.816,1000
48.824,1000
48.832,1000
48.84,1000
48.848,1000
48.856,1000
48.864,1000
48.872,1000
48.88,1000
48.888,1000
48.896,1000
48.904,1000
48.912,1000
48.92,1000
48.92,1000
48.92,1000
48.928,1000
48.928,1000
48.928,1000
48.928,1000
48.936,1000
48.936,1000
48.936,1000
48.936,1000
48.944,1000
48.976,1000
48.992,1000
49.0,1000
49.008,1000
49.016,1000
49.024,1000
49.032,1000
49.04,1000
49.048,1000
49.056,1000
49.064,1000
49.072,1000
49.08,1000
49.088,1000
49.096,1000
49.104,1000
49.112,1000
49.12,1000
49.12,1000
49.128,1000
49.128,1000
49.136,1000
49.144,1000
49.144,1000
49.144,1000
49.152,1000
49.152,1000
49.152,1000
49.152,1000
49.16,1000
49.168,1000
49.176,1000
49.184,1000
49.192,1000
49.2,1000
49.208,1000
49.216,1000
49.224,1000
49.232,1000
49.24,1000
49.248,1000
49.256,1000
49.256,1000
49.256,1000
49.264,1000
49.264,1000
49.272,1000
49.28,1000
49.288,1000
49.296,1000
49.304,1000
49.312,1000
49.32,1000
49.328,1000
49.336,1000
49.344,1000
49.352,1000
49.352,1000
49.36,1000
49.368,1000
49.376,1000
49.384,1000
49.392,1000
49.4,1000
49.408,1000
49.416,1000
49.416,1000
49.424,1000
49.432,1000
49.44,1000
49.448,1000
49.456,1000
49.456,1000
49.464,1000
49.472,1000
49.48,1000
49.48,1000
49.488,1000
49.488,1000
49.488,1000
49.488,1000
49.496,1000
49.504,1000
49.504,1000
49.512,1000
49.512,1000
49.52,1000
49.528,1000
49.536,1000
49.544,1000
49.552,1000
49.56,1000
49.56,1000
49.56,1000
49.568,1000
49.576,1000
49.576,1000
49.576,1000
49.584,1000
49.592,1000
49.6,1000
49.608,1000
49.616,1000
49.624,1000
49.632,1000
49.64,1000
49.648,1000
49.656,1000
49.656,1000
49.664,1000
49.672,1000
49.68,1000
49.688,1000
49.696,1000
49.704,1000
49.712,1000
49.712,1000
49.712,1000
49.72,1000
49.72,1000
49.728,1000
49.728,1000
49.728,1000
49.736,1000
49.744,1000
49.744,1000
49.752,1000
49.76,1000
49.768,1000
49.776,1000
49.784,1000
49.792,1000
49.792,1000
49.8,1000
49.808,1000
49.816,1000
49.824,1000
49.832,1000
49.84,1000
49.848,1000
49.856,1000
49.864,1000
49.872,1000
49.88,1000
49.888,1000
49.896,1000
49.904,1000
49.912,1000
49.92,1000
49.92,1000
49.92,1000
49.928,1000
49.928,1000
49.928,1000
49.928,1000
49.936,1000
49.936,1000
49.936,1000
49.936,1000
49.968,1000
49.984,1000
49.992,1000
50.0,1000
50.008,1000
50.016,1000
50.024,1000
50.032,1000
50.04,1000
50.048,1000
50.056,1000
50.064,1000
50.072,1000
50.08,1000
50.088,1000
50.096,1000
50.104,1000
50.112,1000
50.12,1000
50.12,1000
50.128,1000
50.128,1000
50.136,1000
50.144,1000
50.144,1000
50.144,1000
50.152,1000
50.152,1000
50.152,1000
50.152,1000
50.16,1000
50.168,1000
50.176,1000
50.184,1000
50.192,1000
50.2,1000
50.208,1000
50.216,1000
50.224,1000
50.232,1000
50.24,1000
50.248,1000
50.256,1000
50.256,1000
50.256,1000
50.264,1000
50.264,1000
50.272,1000
50.28,1000
50.288,1000
50.296,1000
50.304,1000
50.312,1000
50.32,1000
50.328,1000
50.336,1000
50.344,1000
50.352,1000
50.352,1000
50.36,1000
50.368,1000
50.376,1000
50.384,1000
50.392,1000
50.4,1000
50.408,1000
50.416,1000
50.416,1000
50.424,1000
50.432,1000
50.44,1000
50.448,1000
50.456,1000
50.456,1000
50.464,1000
50.472,1000
50.48,1000
50.48,1000
50.488,1000
50.488,1000
50.488,1000
50.488,1000
50.496,1000
50.504,1000
50.504,1000
50.512,1000
50.512,1000
50.52,1000
50.528,1000
50.536,1000
50.544,1000
50.552,1000
50.56,1000
50.56,1000
50.56,1000
50.568,1000
50.576,1000
50.576,1000
50.576,1000
50.584,1000
50.592,1000
50.6,1000
50.608,1000
50.616,1000
50.624,1000
50.632,1000
50.64,1000
50.648,1000
50.656,1000
50.656,1000
50.664,1000
50.672,1000
50.68,1000
50.688,1000
50.696,1000
50.704,1000
50.712,1000
50.712,1000
50.712,1000
50.72,1000
50.72,1000
50.728,1000
50.728,1000
50.728,1000
50.736,1000
50.744,1000
50.744,1000
50.752,1000
50.76,1000
50.768,1000
50.776,1000
50.784,1000
50.792,1000
50.792,1000
50.8,1000
50.808,1000
50.816,1000
50.824,1000
50.832,1000
50.84,1000
50.848,1000
50.856,1000
50.864,1000
50.872,1000
50.88,1000
50.888,1000
50.896,1000
50.904,1000
50.912,1000
50.92,1000
50.92,1000
50.92,1000
50.928,1000
50.928,1000
50.928,1000
50.928,1000
50.936,1000
50.936,1000
50.936,1000
50.96,1000
50.976,1000
50.984,1000
50.992,1000
51.0,1000
51.008,1000
51.016,1000
51.024,1000
51.032,1000
51.04,1000
51.048,1000
51.056,1000
51.064,1000
51.072,1000
51.08,1000
51.088,1000
51.096,1000
51.104,1000
51.112,1000
51.12,1000
51.12,1000
51.128,1000
51.128,1000
51.136,1000
51.144,1000
51.144,1000
51.144,1000
51.152,1000
51.152,1000
51.152,1000
51.152,1000
51.16,1000
51.168,1000
51.176,1000
51.184,1000
51.192,1000
51.2,1000
51.208,1000
51.216,1000
51.224,1000
51.224,2000
51.232,1000
51.24,1000
51.248,1000
51.248,1000
51.256,1000
51.256,1000
51.256,1000
51.264,1000
51.264,1000
51.272,1000
51.28,1000
51.288,1000
51.296,1000
51.304,1000
51.312,1000
51.32,1000
51.328,1000
51.336,1000
51.344,1000
51.352,1000
51.352,1000
51.36,1000
51.368,1000
51.376,1000
51.384,1000
51.392,1000
51.4,1000
51.408,1000
51.416,1000
51.416,1000
51.424,1000
51.432,1000
51.44,1000
51.448,1000
51.456,1000
51.456,1000
51.464,1000
51.472,1000
51.48,1000
51.48,1000
51.488,1000
51.488,1000
51.488,1000
51.488,1000
51.496,1000
51.504,1000
51.504,1000
51.512,1000
51.512,1000
51.52,1000
51.528,1000
51.536,1000
51.544,1000
51.552,1000
51.56,1000
51.56,1000
51.56,1000
51.568,1000
51.576,1000
51.576,1000
51.576,1000
51.584,1000
51.592,1000
51.6,1000
51.608,1000
51.616,1000
51.624,1000
51.632,1000
51.64,1000
51.648,1000
51.656,1000
51.656,1000
51.664,1000
51.672,1000
51.68,1000
51.688,1000
51.696,1000
51.704,1000
51.712,1000
51.712,1000
51.712,1000
51.72,1000
51.72,1000
51.728,1000
51.728,1000
51.728,1000
51.736,1000
51.744,1000
51.744,1000
51.752,1000
51.76,1000
51.768,1000
51.776,1000
51.784,1000
51.792,1000
51.792,1000
51.8,1000
51.808,1000
51.816,1000
51.824,1000
51.832,1000
51.84,1000
51.848,1000
51.856,1000
51.864,1000
51.872,1000
51.88,1000
51.888,1000
51.896,1000
51.904,1000
51.912,1000
51.92,1000
51.92,1000
51.92,1000
51.928,1000
51.928,1000
51.928,1000
51.928,1000
51.936,1000
51.936,1000
51.952,1000
51.968,1000
51.976,1000
51.984,1000
51.992,1000
52.0,1000
52.008,1000
52.016,1000
52.024,1000
52.032,1000
52.04,1000
52.048,1000
52.056,1000
52.064,1000
52.072,1000
52.08,1000
52.088,1000
52.096,1000
52.104,1000
52.112,1000
52.12,1000
52.12,1000
52.128,1000
52.128,1000
52.136,1000
52.144,1000
52.144,1000
52.144,1000
52.152,1000
52.152,1000
52.152,1000
52.152,1000
52.16,1000
52.168,1000
52.176,1000
52.184,1000
52.192,1000
52.2,1000
52.208,1000
52.216,1000
52.224,1000
52.232,1000
52.24,1000
52.248,1000
52.248,1000
52.256,1000
52.256,1000
52.256,1000
52.264,1000
52.264,1000
52.272,1000
52.28,1000
52.288,1000
52.296,1000
52.304,1000
52.312,1000
52.32,1000
52.328,1000
52.336,1000
52.344,1000
52.352,1000
52.352,1000
52.36,1000
52.368,1000
52.376,1000
52.384,1000
52.392,1000
52.4,1000
52.408,1000
52.416,1000
52.416,1000
52.424,1000
52.432,1000
52.44,1000
52.448,1000
52.456,1000
52.456,1000
52.464,1000
52.472,1000
52.48,1000
52.48,1000
52.488,1000
52.488,1000
52.488,1000
52.488,1000
52.496,1000
52.504,1000
52.504,1000
52.512,1000
52.512,1000
52.52,1000
52.528,1000
52.536,1000
52.544,1000
52.552,1000
52.56,1000
52.56,1000
52.56,1000
52.568,1000
52.576,1000
52.576,1000
52.576,1000
52.584,1000
52.592,1000
52.6,1000
52.608,1000
52.616,1000
52.624,1000
52.632,1000
52.64,1000
52.648,1000
52.656,1000
52.656,1000
52.664,1000
52.672,1000
52.68,1000
52.688,1000
52.696,1000
52.704,1000
52.712,1000
52.712,1000
52.712,1000
52.72,1000
52.72,1000
52.728,1000
52.728,1000
52.728,1000
52.736,1000
52.744,1000
52.744,1000
52.752,1000
52.76,1000
52.768,1000
52.776,1000
52.784,1000
52.792,1000
52.792,1000
52.8,1000
52.808,1000
52.816,1000
52.824,1000
52.832,1000
52.84,1000
52.848,1000
52.856,1000
52.864,1000
52.872,1000
52.88,1000
52.888,1000
52.896,1000
52.904,1000
52.912,1000
52.92,1000
52.92,1000
52.92,1000
52.928,1000
52.928,1000
52.928,1000
52.928,1000
52.936,1000
52.944,1000
52.96,1000
52.968,1000
52.976,1000
52.984,1000
52.992,1000
53.0,1000
53.008,1000
53.016,1000
53.024,1000
53.032,1000
53.04,1000
53.048,1000
53.056,1000
53.064,1000
53.072,1000
53.08,1000
53.088,1000
53.096,1000
53.104,1000
53.112,1000
53.12,1000
53.12,1000
53.128,1000
53.128,1000
53.136,1000
53.144,1000
53.144,1000
53.144,1000
53.152,1000
53.152,1000
53.152,1000
53.152,1000
53.16,1000
53.168,1000
53.176,1000
53.184,1000
53.192,1000
53.2,1000
53.208,1000
53.216,1000
53.224,1000
53.232,1000
53.24,1000
53.248,1000
53.248,1000
53.256,1000
53.256,1000
53.256,1000
53.264,1000
53.264,1000
53.272,1000
53.28,1000
53.288,1000
53.296,1000
53.304,1000
53.312,1000
53.32,1000
53.328,1000
53.336,1000
53.344,1000
53.352,1000
53.352,1000
53.36,1000
53.368,1000
53.376,1000
53.384,1000
53.392,1000
53.4,1000
53.408,1000
53.416,1000
53.416,1000
53.424,1000
53.432,1000
53.44,1000
53.448,1000
53.456,1000
53.456,1000
53.464,1000
53.472,1000
53.48,1000
53.48,1000
53.488,1000
53.488,1000
53.488,1000
53.488,1000
53.496,1000
53.504,1000
53.504,1000
53.512,1000
53.512,1000
53.52,1000
53.528,1000
53.536,1000
53.544,1000
53.552,1000
53.56,1000
53.56,1000
53.56,1000
53.568,1000
53.576,1000
53.576,1000
53.576,1000
53.584,1000
53.592,1000
53.6,1000
53.608,1000
53.616,1000
53.624,1000
53.632,1000
53.64,1000
53.648,1000
53.656,1000
53.656,1000
53.664,1000
53.672,1000
53.68,1000
53.688,1000
53.696,1000
53.704,1000
53.712,1000
53.712,1000
53.712,1000
53.72,1000
53.72,1000
53.728,1000
53.728,1000
53.728,1000
53.736,1000
53.744,1000
53.744,1000
53.752,1000
53.76,1000
53.768,1000
53.776,1000
53.784,1000
53.792,1000
53.792,1000
53.8,1000
53.808,1000
53.816,1000
53.824,1000
53.832,1000
53.84,1000
53.848,1000
53.856,1000
53.864,1000
53.872,1000
53.88,1000
53.888,1000
53.896,1000
53.904,1000
53.912,1000
53.92,1000
53.92,1000
53.92,1000
53.928,1000
53.928,1000
53.928,1000
53.928,1000
53.936,1000
53.952,1000
53.96,1000
53.968,1000
53.976,1000
53.984,1000
53.992,1000
54.0,1000
54.008,1000
54.016,1000
54.024,1000
54.032,1000
54.04,1000
54.048,1000
54.056,1000
54.064,1000
54.072,1000
54.08,1000
54.088,1000
54.096,1000
54.104,1000
54.112,1000
54.12,1000
54.12,1000
54.128,1000
54.128,1000
54.136,1000
54.144,1000
54.144,1000
54.144,1000
54.152,1000
54.152,1000
54.152,1000
54.152,1000
54.16,1000
54.168,1000
54.176,1000
54.184,1000
54.192,1000
54.2,1000
54.208,1000
54.216,1000
54.224,1000
54.232,1000
54.24,1000
54.248,1000
54.248,1000
54.256,1000
54.256,1000
54.256,1000
54.264,1000
54.264,1000
54.272,1000
54.28,1000
54.288,1000
54.296,1000
54.304,1000
54.312,1000
54.32,1000
54.328,1000
54.336,1000
54.344,1000
54.352,1000
54.352,1000
54.36,1000
54.368,1000
54.376,1000
54.384,1000
54.392,1000
54.4,1000
54.408,1000
54.416,1000
54.416,1000
54.424,1000
54.432,1000
54.44,1000
54.448,1000
54.456,1000
54.456,1000
54.464,1000
54.472,1000
54.48,1000
54.48,1000
54.488,1000
54.488,1000
54.488,1000
54.488,1000
54.496,1000
54.504,1000
54.504,1000
54.512,1000
54.512,1000
54.52,1000
54.528,1000
54.536,1000
54.544,1000
54.552,1000
54.56,1000
54.56,1000
54.56,1000
54.568,1000
54.576,1000
54.576,1000
54.576,1000
54.584,1000
54.592,1000
54.6,1000
54.608,1000
54.616,1000
54.624,1000
54.632,1000
54.64,1000
54.648,1000
54.656,1000
54.656,1000
54.664,1000
54.672,1000
54.68,1000
54.688,1000
54.696,1000
54.704,1000
54.712,1000
54.712,1000
54.712,1000
54.72,1000
54.72,1000
54.728,1000
54.728,1000
54.728,1000
54.728,2000
54.736,1000
54.744,1000
54.744,1000
54.752,1000
54.752,1000
54.76,1000
54.768,1000
54.776,1000
54.784,1000
54.792,1000
54.792,1000
54.8,1000
54.808,1000
54.816,1000
54.824,1000
54.832,1000
54.84,1000
54.848,1000
54.856,1000
54.864,1000
54.872,1000
54.88,1000
54.888,1000
54.896,1000
54.904,1000
54.912,1000
54.92,1000
54.92,1000
54.92,1000
54.928,1000
54.928,1000
54.928,1000
54.928,1000
54.944,1000
54.952,1000
54.96,1000
54.968,1000
54.976,1000
54.984,1000
54.992,1000
55.0,1000
55.008,1000
55.016,1000
55.024,1000
55.032,1000
55.04,1000
55.048,1000
55.056,1000
55.064,1000
55.072,1000
55.08,1000
55.088,1000
55.096,1000
55.104,1000
55.112,1000
55.12,1000
55.12,1000
55.128,1000
55.128,1000
55.136,1000
55.144,1000
55.144,1000
55.144,1000
55.152,1000
55.152,1000
55.152,1000
55.152,1000
55.16,1000
55.168,1000
55.176,1000
55.184,1000
55.192,1000
55.2,1000
55.208,1000
55.216,1000
55.224,1000
55.232,1000
55.24,1000
55.248,1000
55.248,1000
55.256,1000
55.256,1000
55.256,1000
55.264,1000
55.264,1000
55.272,1000
55.28,1000
55.288,1000
55.296,1000
55.304,1000
55.312,1000
55.32,1000
55.328,1000
55.336,1000
55.344,1000
55.352,1000
55.352,1000
55.36,1000
55.368,1000
55.376,1000
55.384,1000
55.392,1000
55.4,1000
55.408,1000
55.416,1000
55.416,1000
55.424,1000
55.432,1000
55.44,1000
55.448,1000
55.456,1000
55.456,1000
55.464,1000
55.472,1000
55.48,1000
55.48,1000
55.488,1000
55.488,1000
55.488,1000
55.488,1000
55.496,1000
55.504,1000
55.504,1000
55.512,1000
55.512,1000
55.52,1000
55.528,1000
55.536,1000
55.544,1000
55.552,1000
55.56,1000
55.56,1000
55.56,1000
55.568,1000
55.576,1000
55.576,1000
55.576,1000
55.584,1000
55.592,1000
55.6,1000
55.608,1000
55.616,1000
55.624,1000
55.632,1000
55.64,1000
55.648,1000
55.656,1000
55.656,1000
55.664,1000
55.672,1000
55.68,1000
55.688,1000
55.696,1000
55.704,1000
55.712,1000
55.712,1000
55.712,1000
55.72,1000
55.72,1000
55.728,1000
55.728,1000
55.728,1000
55.736,1000
55.744,1000
55.744,1000
55.752,1000
55.752,1000
55.76,1000
55.768,1000
55.776,1000
55.784,1000
55.792,1000
55.792,1000
55.8,1000
55.808,1000
55.816,1000
55.824,1000
55.832,1000
55.84,1000
55.848,1000
55.856,1000
55.864,1000
55.872,1000
55.88,1000
55.888,1000
55.896,1000
55.904,1000
55.912,1000
55.92,1000
55.92,1000
55.92,1000
55.928,1000
55.928,1000
55.928,1000
55.936,1000
55.944,1000
55.952,1000
55.96,1000
55.968,1000
55.976,1000
55.984,1000
55.992,1000
56.0,1000
56.008,1000
56.016,1000
56.024,1000
56.032,1000
56.04,1000
56.048,1000
56.056,1000
56.064,1000
56.072,1000
56.08,1000
56.088,1000
56.096,1000
56.104,1000
56.112,1000
56.12,1000
56.12,1000
56.128,1000
56.128,1000
56.136,1000
56.144,1000
56.144,1000
56.144,1000
56.152,1000
56.152,1000
56.152,1000
56.152,1000
56.16,1000
56.168,1000
56.176,1000
56.184,1000
56.192,1000
56.2,1000
56.208,1000
56.216,1000
56.224,1000
56.232,1000
56.24,1000
56.248,1000
56.248,1000
56.256,1000
56.256,1000
56.256,1000
56.264,1000
56.264,1000
56.272,1000
56.28,1000
56.288,1000
56.296,1000
56.304,1000
56.312,1000
56.32,1000
56.328,1000
56.336,1000
56.344,1000
56.352,1000
56.352,1000
56.36,1000
56.368,1000
56.376,1000
56.384,1000
56.392,1000
56.4,1000
56.408,1000
56.416,1000
56.416,1000
56.424,1000
56.432,1000
56.44,1000
56.448,1000
56.456,1000
56.456,1000
56.464,1000
56.472,1000
56.48,1000
56.48,1000
56.488,1000
56.488,1000
56.488,1000
56.488,1000
56.496,1000
56.504,1000
56.504,1000
56.512,1000
56.512,1000
56.52,1000
56.528,1000
56.536,1000
56.544,1000
56.552,1000
56.56,1000
56.56,1000
56.56,1000
56.568,1000
56.576,1000
56.576,1000
56.576,1000
56.584,1000
56.592,1000
56.6,1000
56.608,1000
56.616,1000
56.624,1000
56.632,1000
56.64,1000
56.648,1000
56.656,1000
56.656,1000
56.664,1000
56.672,1000
56.68,1000
56.688,1000
56.696,1000
56.704,1000
56.712,1000
56.712,1000
56.712,1000
56.72,1000
56.72,1000
56.728,1000
56.728,1000
56.728,1000
56.736,1000
56.744,1000
56.744,1000
56.752,1000
56.752,1000
56.76,1000
56.768,1000
56.776,1000
56.784,1000
56.792,1000
56.792,1000
56.8,1000
56.808,1000
56.816,1000
56.824,1000
56.832,1000
56.84,1000
56.848,1000
56.856,1000
56.864,1000
56.872,1000
56.88,1000
56.888,1000
56.896,1000
56.904,1000
56.912,1000
56.92,1000
56.92,1000
56.92,1000
56.928,1000
56.928,1000
56.928,1000
56.936,1000
56.944,1000
56.952,1000
56.96,1000
56.968,1000
56.976,1000
56.984,1000
56.992,1000
57.0,1000
57.008,1000
57.016,1000
57.024,1000
57.032,1000
57.04,1000
57.048,1000
57.056,1000
57.064,1000
57.072,1000
57.08,1000
57.088,1000
57.096,1000
57.104,1000
57.112,1000
57.12,1000
57.12,1000
57.128,1000
57.128,1000
57.136,1000
57.144,1000
57.144,1000
57.144,1000
57.152,1000
57.152,1000
57.152,1000
57.152,1000
57.16,1000
57.168,1000
57.176,1000
57.184,1000
57.192,1000
57.2,1000
57.208,1000
57.216,1000
57.224,1000
57.232,1000
57.24,1000
57.248,1000
57.248,1000
57.256,1000
57.256,1000
57.256,1000
57.264,1000
57.264,1000
57.272,1000
57.28,1000
57.288,1000
57.296,1000
57.304,1000
57.312,1000
57.32,1000
57.328,1000
57.336,1000
57.344,1000
57.352,1000
57.352,1000
57.36,1000
57.368,1000
57.376,1000
57.384,1000
57.392,1000
57.4,1000
57.408,1000
57.416,1000
57.416,1000
57.424,1000
57.432,1000
57.44,1000
57.448,1000
57.456,1000
57.456,1000
57.464,1000
57.472,1000
57.48,1000
57.48,1000
57.488,1000
57.488,1000
57.488,1000
57.488,1000
57.496,1000
57.504,1000
57.504,1000
57.512,1000
57.512,1000
57.52,1000
57.528,1000
57.536,1000
57.544,1000
57.552,1000
57.56,1000
57.56,1000
57.56,1000
57.568,1000
57.576,1000
57.576,1000
57.576,1000
57.584,1000
57.592,1000
57.6,1000
57.608,1000
57.616,1000
57.624,1000
57.632,1000
57.64,1000
57.648,1000
57.656,1000
57.656,1000
57.664,1000
57.672,1000
57.68,1000
57.688,1000
57.696,1000
57.704,1000
57.712,1000
57.712,1000
57.712,1000
57.72,1000
57.72,1000
57.728,1000
57.728,1000
57.728,1000
57.736,1000
57.744,1000
57.744,1000
57.752,1000
57.752,1000
57.76,1000
57.768,1000
57.776,1000
57.784,1000
57.792,1000
57.792,1000
57.8,1000
57.808,1000
57.816,1000
57.824,1000
57.832,1000
57.84,1000
57.848,1000
57.856,1000
57.864,1000
57.872,1000
57.88,1000
57.888,1000
57.896,1000
57.904,1000
57.912,1000
57.92,1000
57.92,1000
57.92,1000
57.928,1000
57.928,1000
57.928,1000
57.936,1000
57.944,1000
57.952,1000
57.96,1000
57.968,1000
57.976,1000
57.984,1000
57.992,1000
58.0,1000
58.008,1000
58.016,1000
58.024,1000
58.032,1000
58.04,1000
58.048,1000
58.056,1000
58.064,1000
58.072,1000
58.08,1000
58.088,1000
58.096,1000
58.104,1000
58.112,1000
58.12,1000
58.12,1000
58.128,1000
58.128,1000
58.136,1000
58.144,1000
58.144,1000
58.144,1000
58.152,1000
58.152,1000
58.152,1000
58.152,1000
58.16,1000
58.168,1000
58.176,1000
58.184,1000
58.192,1000
58.2,1000
58.208,1000
58.216,1000
58.224,1000
58.232,1000
58.24,1000
58.248,1000
58.248,1000
58.256,1000
58.256,1000
58.256,1000
58.264,1000
58.264,1000
58.272,1000
58.28,1000
58.288,1000
58.296,1000
58.304,1000
58.312,1000
58.32,1000
58.328,1000
58.336,1000
58.344,1000
58.352,1000
58.352,1000
58.36,1000
58.368,1000
58.376,1000
58.384,1000
58.384,2000
58.392,1000
58.4,1000
58.408,1000
58.408,1000
58.416,1000
58.416,1000
58.424,1000
58.432,1000
58.44,1000
58.448,1000
58.456,1000
58.456,1000
58.464,1000
58.472,1000
58.48,1000
58.48,1000
58.488,1000
58.488,1000
58.488,1000
58.488,1000
58.496,1000
58.504,1000
58.504,1000
58.512,1000
58.512,1000
58.52,1000
58.528,1000
58.536,1000
58.544,1000
58.552,1000
58.56,1000
58.56,1000
58.56,1000
58.568,1000
58.576,1000
58.576,1000
58.576,1000
58.584,1000
58.592,1000
58.6,1000
58.608,1000
58.616,1000
58.624,1000
58.632,1000
58.64,1000
58.648,1000
58.656,1000
58.656,1000
58.664,1000
58.672,1000
58.68,1000
58.688,1000
58.696,1000
58.704,1000
58.712,1000
58.712,1000
58.712,1000
58.72,1000
58.72,1000
58.728,1000
58.728,1000
58.728,1000
58.736,1000
58.744,1000
58.744,1000
58.752,1000
58.752,1000
58.76,1000
58.768,1000
58.776,1000
58.784,1000
58.792,1000
58.792,1000
58.8,1000
58.808,1000
58.816,1000
58.824,1000
58.832,1000
58.84,1000
58.848,1000
58.856,1000
58.864,1000
58.872,1000
58.88,1000
58.888,1000
58.896,1000
58.904,1000
58.912,1000
58.92,1000
58.92,1000
58.92,1000
58.928,1000
58.928,1000
58.928,1000
58.936,1000
58.944,1000
58.952,1000
58.96,1000
58.968,1000
58.976,1000
58.984,1000
58.992,1000
59.0,1000
59.008,1000
59.016,1000
59.024,1000
59.032,1000
59.04,1000
59.048,1000
59.056,1000
59.064,1000
59.072,1000
59.08,1000
59.088,1000
59.096,1000
59.104,1000
59.112,1000
59.12,1000
59.12,1000
59.128,1000
59.128,1000
59.136,1000
59.144,1000
59.144,1000
59.144,1000
59.152,1000
59.152,1000
59.152,1000
59.152,1000
59.16,1000
59.168,1000
59.176,1000
59.184,1000
